
> qqqsp-v2@2.13.0 test
> node tests/run.mjs

保留回归：91 文件；显式退役：43 文件（不计为通过，见 tests/retired-v72.json）。
PASS _test_audit_frontend.mjs
PASS _test_batch_enrichment_recovery.mjs
PASS _test_batch_snapshot.mjs
PASS _test_capacity_check.mjs
PASS _test_chart_conditional.mjs
PASS _test_chart_empty_text.mjs
PASS _test_cleanup.mjs
PASS _test_color.mjs
PASS _test_contrast.mjs
PASS _test_enrichment_failure.mjs
PASS _test_error_card.mjs
PASS _test_flash.mjs
PASS _test_flash_close.mjs
PASS _test_frontend_boundaries_parent.mjs
PASS _test_frontend_controllers.mjs
PASS _test_fx_hint.mjs
PASS _test_global_calendar_data.mjs
PASS _test_global_frontend.mjs
PASS _test_global_fx.mjs
PASS _test_global_quote.mjs
PASS _test_global_registry.mjs
PASS _test_global_sessions.mjs
PASS _test_global_smoke.mjs
PASS _test_history_aggregate.mjs
PASS _test_history_chart.mjs
PASS _test_history_contract.mjs
PASS _test_history_service.mjs
PASS _test_history_store.mjs
PASS _test_hoist.mjs
PASS _test_honest_realtime.mjs
PASS _test_http_factories.mjs
PASS _test_intraday_empty_window.mjs
PASS _test_log_rotate.mjs
PASS _test_logging.mjs
PASS _test_magic.mjs
PASS _test_market_field_front.mjs
PASS _test_news_sig.mjs
PASS _test_official_feeds.mjs
PASS _test_official_macro.mjs
PASS _test_ops.sh
PASS _test_parent_final_contracts.mjs
PASS _test_parent_fx_contract.mjs
PASS _test_phase2_age.mjs
PASS _test_pkill.sh
PASS _test_pointer_drag.mjs
PASS _test_provider_card_contract.mjs
PASS _test_recovery_store.mjs
PASS _test_redundancy.mjs
PASS _test_reference_chart_key.mjs
PASS _test_reference_fx.mjs
PASS _test_refresh_cadence.mjs
PASS _test_relay.sh
PASS _test_release_frontend.mjs
PASS _test_remediation_domain.mjs
PASS _test_scratch.sh
PASS _test_search_race.mjs
PASS _test_sent_compile.mjs
PASS _test_sent_v3.mjs
PASS _test_session_const.mjs
PASS _test_snapshot_cadence.mjs
PASS _test_snapshot_service.mjs
PASS _test_stale_display.mjs
PASS _test_stale_tiers.mjs
PASS _test_sw_match.mjs
PASS _test_tunnel_health.sh
PASS _test_uncaught_exit.mjs
PASS _test_untrusted_numbers.mjs
PASS _test_v62_capacity_history.mjs
PASS _test_v62_domain_policy.mjs
PASS _test_v62_frontend_charts.mjs
PASS _test_v62_frontend_news.mjs
PASS _test_v62_frontend_state.mjs
PASS _test_v62_recovery_rebuild.mjs
PASS _test_v62_session_transitions.mjs
PASS _test_v62_static_bundle.mjs
PASS _test_v63_chart_smoke.mjs
PASS _test_v63_enrichment_recovery.mjs
PASS _test_v63_retained_history.mjs
PASS _test_v64_frontend_polish.mjs
PASS _test_v67_backend_freshness.mjs
PASS _test_v67_backend_live_point.mjs
PASS _test_v67_frontend_livepoint.mjs
PASS _test_v67_intraday_smoke.mjs
PASS _test_v72_age_and_storage.mjs
PASS _test_v72_alpaca.mjs
PASS _test_v72_history_failure_cache.mjs
PASS _test_v72_http_and_sw_bounds.mjs
PASS _test_v72_realtime_merge.mjs
PASS _test_version.mjs
PASS _test_volume_contract.mjs
PASS _test_wl_truncate.mjs
REGRESSION_PASS_FILES=91 REGRESSION_FAIL_FILES=0 RETIRED_FILES=43
TAP version 13
# Subtest: authenticated is not subscribed; each symbol needs an acknowledgement
ok 1 - authenticated is not subscribed; each symbol needs an acknowledgement
  ---
  duration_ms: 21.249936
  type: 'test'
  ...
# Subtest: one batch per second for healthy US siblings; neither Tencent nor Yahoo is polled unnecessarily
ok 2 - one batch per second for healthy US siblings; neither Tencent nor Yahoo is polled unnecessarily
  ---
  duration_ms: 20.127705
  type: 'test'
  ...
# Subtest: primary 429 falls back; no repeated primary request during Retry-After
ok 3 - primary 429 falls back; no repeated primary request during Retry-After
  ---
  duration_ms: 4.853827
  type: 'test'
  ...
# Subtest: Korean upstream polling hint survives; US adapter is never used for Korean ordinary shares
ok 4 - Korean upstream polling hint survives; US adapter is never used for Korean ordinary shares
  ---
  duration_ms: 0.230187
  type: 'test'
  ...
# Subtest: a slow unsupported sibling does not block healthy primary batch responses
ok 5 - a slow unsupported sibling does not block healthy primary batch responses
  ---
  duration_ms: 1.357117
  type: 'test'
  ...
# Subtest: REGRESSION: Yahoo 429 cannot disable US daily/weekly/monthly/yearly at the real HTTP boundary
ok 6 - REGRESSION: Yahoo 429 cannot disable US daily/weekly/monthly/yearly at the real HTTP boundary
  ---
  duration_ms: 2250.7773
  type: 'test'
  ...
# Subtest: REGRESSION: HTTP 200 with empty chart is not a successful source when a usable alternative exists
ok 7 - REGRESSION: HTTP 200 with empty chart is not a successful source when a usable alternative exists
  ---
  duration_ms: 0.361065
  type: 'test'
  ...
# Subtest: REGRESSION: intraday OHLC provider payload must still render as a line, never accidental candles
ok 8 - REGRESSION: intraday OHLC provider payload must still render as a line, never accidental candles
  ---
  duration_ms: 1.907595
  type: 'test'
  ...
# Subtest: REGRESSION: exhausted older history page must not erase already displayed candles
ok 9 - REGRESSION: exhausted older history page must not erase already displayed candles
  ---
  duration_ms: 2.476804
  type: 'test'
  ...
# Subtest: REGRESSION: historical 429 carries retry metadata to a usable frontend error state
ok 10 - REGRESSION: historical 429 carries retry metadata to a usable frontend error state
  ---
  duration_ms: 1.614915
  type: 'test'
  ...
# Subtest: REGRESSION old Nasdaq recovered line is invalidated without deleting prices or daily candles
ok 11 - REGRESSION old Nasdaq recovered line is invalidated without deleting prices or daily candles
  ---
  duration_ms: 9.448525
  type: 'test'
  ...
# Subtest: CONTROL newly normalized Nasdaq chart can be recovered after restart
ok 12 - CONTROL newly normalized Nasdaq chart can be recovered after restart
  ---
  duration_ms: 3.090219
  type: 'test'
  ...
# Subtest: CONTROL Yahoo/other epoch history is not shifted or deleted on upgrade
ok 13 - CONTROL Yahoo/other epoch history is not shifted or deleted on upgrade
  ---
  duration_ms: 3.188637
  type: 'test'
  ...
# Subtest: deployment time diagnostics separate legitimate stale history from a timezone contract failure
ok 14 - deployment time diagnostics separate legitimate stale history from a timezone contract failure
  ---
  duration_ms: 19.771568
  type: 'test'
  ...
# Subtest: REGRESSION screenshot: 10:16 ET is 22:16 UTC+8, never 18:16
ok 15 - REGRESSION screenshot: 10:16 ET is 22:16 UTC+8, never 18:16
  ---
  duration_ms: 2.452488
  type: 'test'
  ...
# Subtest: REGRESSION winter: Eastern standard time must use five hours, not fixed four
ok 16 - REGRESSION winter: Eastern standard time must use five hours, not fixed four
  ---
  duration_ms: 0.439983
  type: 'test'
  ...
# Subtest: REGRESSION time-only label with synthetic x preserves the historical date, not today
ok 17 - REGRESSION time-only label with synthetic x preserves the historical date, not today
  ---
  duration_ms: 0.282466
  type: 'test'
  ...
# Subtest: CONTROL genuine UTC x with agreeing Eastern label is not shifted twice
ok 18 - CONTROL genuine UTC x with agreeing Eastern label is not shifted twice
  ---
  duration_ms: 0.196997
  type: 'test'
  ...
# Subtest: CONTROL time-only label on a genuine UTC timestamp handles after-hours midnight UTC
ok 19 - CONTROL time-only label on a genuine UTC timestamp handles after-hours midnight UTC
  ---
  duration_ms: 0.237188
  type: 'test'
  ...
# Subtest: REGRESSION premarket across Chinese midnight stays on the correct exchange session date
ok 20 - REGRESSION premarket across Chinese midnight stays on the correct exchange session date
  ---
  duration_ms: 0.225721
  type: 'test'
  ...
# Subtest: REGRESSION explicit ISO offset and seconds override the chart coordinate
ok 21 - REGRESSION explicit ISO offset and seconds override the chart coordinate
  ---
  duration_ms: 0.452923
  type: 'test'
  ...
# Subtest: REGRESSION source future labels and invalid dates must not be accepted using a stale x
ok 22 - REGRESSION source future labels and invalid dates must not be accepted using a stale x
  ---
  duration_ms: 0.904834
  type: 'test'
  ...
# Subtest: CONTROL numeric-only old payload keeps epoch semantics and remains visibly unverified
ok 23 - CONTROL numeric-only old payload keeps epoch semantics and remains visibly unverified
  ---
  duration_ms: 0.397569
  type: 'test'
  ...
# Subtest: REGRESSION March and November stock sessions use date-specific offsets
ok 24 - REGRESSION March and November stock sessions use date-specific offsets
  ---
  duration_ms: 0.623179
  type: 'test'
  ...
# Subtest: REGRESSION host timezone cannot change upstream timestamp interpretation
ok 25 - REGRESSION host timezone cannot change upstream timestamp interpretation
  ---
  duration_ms: 157.759937
  type: 'test'
  ...
# Subtest: CONTROL daily K stays a trading-date bar and must not receive an hourly shift
ok 26 - CONTROL daily K stays a trading-date bar and must not receive an hourly shift
  ---
  duration_ms: 0.539834
  type: 'test'
  ...
# Subtest: REGRESSION normalized upstream time reaches chart enrichment and frontend formatter unchanged
ok 27 - REGRESSION normalized upstream time reaches chart enrichment and frontend formatter unchanged
  ---
  duration_ms: 1.989229
  type: 'test'
  ...
# Subtest: REGRESSION normalization marker survives enrichment for persisted-cache migration
ok 28 - REGRESSION normalization marker survives enrichment for persisted-cache migration
  ---
  duration_ms: 0.400103
  type: 'test'
  ...
# Subtest: REGRESSION source time remains genuinely stale when timestamp conversion is correct
ok 29 - REGRESSION source time remains genuinely stale when timestamp conversion is correct
  ---
  duration_ms: 0.18555
  type: 'test'
  ...
# Subtest: REGRESSION DST impossible or ambiguous local hour is rejected; explicit EDT/EST disambiguates
ok 30 - REGRESSION DST impossible or ambiguous local hour is rejected; explicit EDT/EST disambiguates
  ---
  duration_ms: 1.023203
  type: 'test'
  ...
# Subtest: REGRESSION time-only label with seconds and no numeric anchor cannot borrow server date
ok 31 - REGRESSION time-only label with seconds and no numeric anchor cannot borrow server date
  ---
  duration_ms: 0.228264
  type: 'test'
  ...
# Subtest: REGRESSION rightmost visible intraday time tick includes the actual endpoint
ok 32 - REGRESSION rightmost visible intraday time tick includes the actual endpoint
  ---
  duration_ms: 2.370884
  type: 'test'
  ...
# Subtest: empty history remains selected and browser quotes never accumulate samples
ok 33 - empty history remains selected and browser quotes never accumulate samples
  ---
  duration_ms: 1.216875
  type: 'test'
  ...
# Subtest: previous-day history remains selected with an explicit date; samples require a server payload
ok 34 - previous-day history remains selected with an explicit date; samples require a server payload
  ---
  duration_ms: 0.279511
  type: 'test'
  ...
# Subtest: real current historical series remains authoritative; invalid quotes create no made-up point
ok 35 - real current historical series remains authoritative; invalid quotes create no made-up point
  ---
  duration_ms: 0.224639
  type: 'test'
  ...
# Subtest: history enrichment is cached separately; failed refresh retains real bars and successful time
ok 36 - history enrichment is cached separately; failed refresh retains real bars and successful time
  ---
  duration_ms: 1.887566
  type: 'test'
  ...
# Subtest: a US ADR cannot receive Korean-won history by name similarity
ok 37 - a US ADR cannot receive Korean-won history by name similarity
  ---
  duration_ms: 0.289597
  type: 'test'
  ...
# Subtest: optional second stream accepts only subscribed, nonfuture trades; ping never resets age
ok 38 - optional second stream accepts only subscribed, nonfuture trades; ping never resets age
  ---
  duration_ms: 17.455396
  type: 'test'
  ...
# Subtest: configuration validates enable switch and financial TTL/retention boundaries
ok 39 - configuration validates enable switch and financial TTL/retention boundaries
  ---
  duration_ms: 1.481062
  type: 'test'
  ...
# Subtest: late source tick cannot downgrade price, timestamps or derived financial fields
ok 40 - late source tick cannot downgrade price, timestamps or derived financial fields
  ---
  duration_ms: 143.922486
  type: 'test'
  ...
# Subtest: Yahoo financial endpoint uses shared auth and cancellation, and honors source cooldown
ok 41 - Yahoo financial endpoint uses shared auth and cancellation, and honors source cooldown
  ---
  duration_ms: 2.163893
  type: 'test'
  ...
# Subtest: real HTTP and SSE receive independent financial updates without refreshing the quote clock
ok 42 - real HTTP and SSE receive independent financial updates without refreshing the quote clock
  ---
  duration_ms: 98.067967
  type: 'test'
  ...
# Subtest: Sina cumulative trade amount uses the native CN/HK amount column, not last price times volume
ok 43 - Sina cumulative trade amount uses the native CN/HK amount column, not last price times volume
  ---
  duration_ms: 3.499716
  type: 'test'
  ...
# Subtest: live Naver responses retain exact regular-session turnover money and currency
ok 44 - live Naver responses retain exact regular-session turnover money and currency
  ---
  duration_ms: 20.566696
  type: 'test'
  ...
# Subtest: Tencent mainland lots become shares; exact amount and LOF identity reach metrics without Yahoo
ok 45 - Tencent mainland lots become shares; exact amount and LOF identity reach metrics without Yahoo
  ---
  duration_ms: 4.0065
  type: 'test'
  ...
# Subtest: Tencent US equity financial fields survive even with no Yahoo record
ok 46 - Tencent US equity financial fields survive even with no Yahoo record
  ---
  duration_ms: 3.640719
  type: 'test'
  ...
# Subtest: public financial source works during Yahoo rate limiting without waiting on Yahoo
ok 47 - public financial source works during Yahoo rate limiting without waiting on Yahoo
  ---
  duration_ms: 0.650571
  type: 'test'
  ...
# Subtest: snapshot financial facts refresh after a minute rather than the six-hour statement TTL
ok 48 - snapshot financial facts refresh after a minute rather than the six-hour statement TTL
  ---
  duration_ms: 12.502909
  type: 'test'
  ...
# Subtest: Korean PBR and issued share count are read from explicit provider fields
ok 49 - Korean PBR and issued share count are read from explicit provider fields
  ---
  duration_ms: 2.138804
  type: 'test'
  ...
# Subtest: provider identity and malformed/missing values fail closed
ok 50 - provider identity and malformed/missing values fail closed
  ---
  duration_ms: 1.010484
  type: 'test'
  ...
# Subtest: Korean public requests merge independent sources and preserve useful partial results
ok 51 - Korean public requests merge independent sources and preserve useful partial results
  ---
  duration_ms: 1.408843
  type: 'test'
  ...
# Subtest: Tencent public adapter uses the exact validated symbol and supports cancellation
ok 52 - Tencent public adapter uses the exact validated symbol and supports cancellation
  ---
  duration_ms: 1.462384
  type: 'test'
  ...
# Subtest: real adapters -> financial service -> HTTP/SSE -> UI formatter refresh all three metrics
ok 53 - real adapters -> financial service -> HTTP/SSE -> UI formatter refresh all three metrics
  ---
  duration_ms: 2122.398257
  type: 'test'
  ...
# Subtest: quotes are decorated synchronously while one financial fetch runs in background
ok 54 - quotes are decorated synchronously while one financial fetch runs in background
  ---
  duration_ms: 13.342565
  type: 'test'
  ...
# Subtest: failed refresh retains dated facts until max age, respects cooldown and replaces fields atomically
ok 55 - failed refresh retains dated facts until max age, respects cooldown and replaces fields atomically
  ---
  duration_ms: 16.966058
  type: 'test'
  ...
# Subtest: disabled, pending, errors and nonsecurity quotes never request financial sources
ok 56 - disabled, pending, errors and nonsecurity quotes never request financial sources
  ---
  duration_ms: 20.755851
  type: 'test'
  ...
# Subtest: single active financial task, membership cancellation, stop and reopen are bounded
ok 57 - single active financial task, membership cancellation, stop and reopen are bounded
  ---
  duration_ms: 11.518385
  type: 'test'
  ...
# (node:18893) ExperimentalWarning: The MockTimers API is an experimental feature and might change at any time
# (Use `node --trace-warnings ...` to show where the warning was created)
# Subtest: financial identity mismatch is rejected and cooled down without quote mutation
ok 58 - financial identity mismatch is rejected and cooled down without quote mutation
  ---
  duration_ms: 6.649605
  type: 'test'
  ...
# Subtest: queued securities get their own request deadline after earlier work completes
ok 59 - queued securities get their own request deadline after earlier work completes
  ---
  duration_ms: 3.119884
  type: 'test'
  ...
# Subtest: explicit provider 52-week metadata survives chart enrichment without calculating from chart bars
ok 60 - explicit provider 52-week metadata survives chart enrichment without calculating from chart bars
  ---
  duration_ms: 1.55913
  type: 'test'
  ...
# Subtest: candidate validation preserves semantic loss but rejects malformed values and wrong identity
ok 61 - candidate validation preserves semantic loss but rejects malformed values and wrong identity
  ---
  duration_ms: 1.342374
  type: 'test'
  ...
# Subtest: fresh fallback beats stale primary and invalid, future or mixed-range records cannot win
ok 62 - fresh fallback beats stale primary and invalid, future or mixed-range records cannot win
  ---
  duration_ms: 0.844203
  type: 'test'
  ...
# Subtest: ratios use compatible currencies, actual EPS and explicit formulas, preserving valid direct values
ok 63 - ratios use compatible currencies, actual EPS and explicit formulas, preserving valid direct values
  ---
  duration_ms: 0.744933
  type: 'test'
  ...
# Subtest: statistics reject bad identity/time/range, future totals, negative volume and wrong units
ok 64 - statistics reject bad identity/time/range, future totals, negative volume and wrong units
  ---
  duration_ms: 13.878303
  type: 'test'
  ...
# Subtest: partial primary and quote-embedded facts never suppress supplemental fields
ok 65 - partial primary and quote-embedded facts never suppress supplemental fields
  ---
  duration_ms: 14.443785
  type: 'test'
  ...
# Subtest: independent source TTL, partial refresh, rate limit retention and recovery
ok 66 - independent source TTL, partial refresh, rate limit retention and recovery
  ---
  duration_ms: 23.170632
  type: 'test'
  ...
# Subtest: a stalled slow source does not block public sources and total concurrency stays bounded
ok 67 - a stalled slow source does not block public sources and total concurrency stays bounded
  ---
  duration_ms: 11.312714
  type: 'test'
  ...
# Subtest: wrong-symbol, nonpositive shares and expired candidates cannot become valid values
ok 68 - wrong-symbol, nonpositive shares and expired candidates cannot become valid values
  ---
  duration_ms: 5.626373
  type: 'test'
  ...
# Subtest: real ETF basic responses expose shares and 52-week pairs without company valuations
ok 69 - real ETF basic responses expose shares and 52-week pairs without company valuations
  ---
  duration_ms: 2.144062
  type: 'test'
  ...
# Subtest: identity, currency, malformed ratios and incomplete ranges are rejected or omitted
ok 70 - identity, currency, malformed ratios and incomplete ranges are rejected or omitted
  ---
  duration_ms: 0.939066
  type: 'test'
  ...
# Subtest: Naver actual four-quarter EPS and revenue permit explicitly identified TTM calculations
ok 71 - Naver actual four-quarter EPS and revenue permit explicitly identified TTM calculations
  ---
  duration_ms: 1.563177
  type: 'test'
  ...
# Subtest: Nasdaq summary keeps named 52-week values but not annualized dividends under a TTM label
ok 72 - Nasdaq summary keeps named 52-week values but not annualized dividends under a TTM label
  ---
  duration_ms: 0.55058
  type: 'test'
  ...
# Subtest: actual cash payments in the trailing year exclude future payments and require complete history
ok 73 - actual cash payments in the trailing year exclude future payments and require complete history
  ---
  duration_ms: 2.019765
  type: 'test'
  ...
# Subtest: Nasdaq explicitly identified common-shareholder income supports TTM and annual calculations in USD
ok 74 - Nasdaq explicitly identified common-shareholder income supports TTM and annual calculations in USD
  ---
  duration_ms: 0.918525
  type: 'test'
  ...
# Subtest: old unknown payment dates do not erase an explicitly dated last payment outside the trailing year
ok 75 - old unknown payment dates do not erase an explicitly dated last payment outside the trailing year
  ---
  duration_ms: 0.608527
  type: 'test'
  ...
# Subtest: partial and invalid statement observations never fabricate earnings or future periods
ok 76 - partial and invalid statement observations never fabricate earnings or future periods
  ---
  duration_ms: 1.715776
  type: 'test'
  ...
# Subtest: Korean company actual fiscal EPS is separate from estimates and the declared TTM header
ok 77 - Korean company actual fiscal EPS is separate from estimates and the declared TTM header
  ---
  duration_ms: 1.357917
  type: 'test'
  ...
# Subtest: production source descriptors fetch their own fields, scopes and TTLs
ok 78 - production source descriptors fetch their own fields, scopes and TTLs
  ---
  duration_ms: 25.846786
  type: 'test'
  ...
# Subtest: HTTP rate-limit, unsupported identifier, identity mismatch and cancellation stay distinct
ok 79 - HTTP rate-limit, unsupported identifier, identity mismatch and cancellation stay distinct
  ---
  duration_ms: 1.948788
  type: 'test'
  ...
# Subtest: a missing quarterly table does not suppress the independently returned annual PER
ok 80 - a missing quarterly table does not suppress the independently returned annual PER
  ---
  duration_ms: 0.786706
  type: 'test'
  ...
# Subtest: new-day blanks retain the last complete regular statistics without mixing previous close
ok 81 - new-day blanks retain the last complete regular statistics without mixing previous close
  ---
  duration_ms: 13.73729
  type: 'test'
  ...
# Subtest: a valid new trading day switches the whole group; an isolated empty field cannot blend days
ok 82 - a valid new trading day switches the whole group; an isolated empty field cannot blend days
  ---
  duration_ms: 0.946667
  type: 'test'
  ...
# Subtest: same-session backup may fill money but wrong symbol, currency and old day cannot
ok 83 - same-session backup may fill money but wrong symbol, currency and old day cannot
  ---
  duration_ms: 0.482197
  type: 'test'
  ...
# Subtest: real Naver day-rollover housekeeping is not a new trade timestamp
ok 84 - real Naver day-rollover housekeeping is not a new trade timestamp
  ---
  duration_ms: 1.175762
  type: 'test'
  ...
# Subtest: Tencent official mainland mapping supplies 52-week prices, correct share columns and five-level imbalance
ok 85 - Tencent official mainland mapping supplies 52-week prices, correct share columns and five-level imbalance
  ---
  duration_ms: 3.849463
  type: 'test'
  ...
# Subtest: financial values distinguish null, zero, numeric strings and invalid input
ok 86 - financial values distinguish null, zero, numeric strings and invalid input
  ---
  duration_ms: 1.073238
  type: 'test'
  ...
# Subtest: Yahoo maps explicit trailing fields, percentage units and unknown financial dates
ok 87 - Yahoo maps explicit trailing fields, percentage units and unknown financial dates
  ---
  duration_ms: 0.698553
  type: 'test'
  ...
# Subtest: Yahoo rejects mismatched symbols and never replaces annual PE with forward PE
ok 88 - Yahoo rejects mismatched symbols and never replaces annual PE with forward PE
  ---
  duration_ms: 0.640436
  type: 'test'
  ...
# Subtest: negative earnings and nonpositive book value are distinct from missing values
ok 89 - negative earnings and nonpositive book value are distinct from missing values
  ---
  duration_ms: 1.417858
  type: 'test'
  ...
# Subtest: turnover uses float shares, amplitude uses regular range and quote remains immutable
ok 90 - turnover uses float shares, amplitude uses regular range and quote remains immutable
  ---
  duration_ms: 0.447054
  type: 'test'
  ...
# Subtest: total shares fallback is explicit; float above total disables related calculations
ok 91 - total shares fallback is explicit; float above total disables related calculations
  ---
  duration_ms: 0.222866
  type: 'test'
  ...
# Subtest: zero volume is valid; lot-based or nonregular volume never becomes share turnover
ok 92 - zero volume is valid; lot-based or nonregular volume never becomes share turnover
  ---
  duration_ms: 0.926557
  type: 'test'
  ...
# Subtest: turnover amount, volume ratio, order imbalance and lot size are never fabricated
ok 93 - turnover amount, volume ratio, order imbalance and lot size are never fabricated
  ---
  duration_ms: 0.54391
  type: 'test'
  ...
# Subtest: regular statistics retain their own timestamp during extended hours
ok 94 - regular statistics retain their own timestamp during extended hours
  ---
  duration_ms: 0.558051
  type: 'test'
  ...
# Subtest: funds and indices do not inherit company valuations; inferred identity can be refined
ok 95 - funds and indices do not inherit company valuations; inferred identity can be refined
  ---
  duration_ms: 0.601807
  type: 'test'
  ...
# Subtest: expired or mismatched records disappear, stale fields remain explicitly flagged
ok 96 - expired or mismatched records disappear, stale fields remain explicitly flagged
  ---
  duration_ms: 0.271039
  type: 'test'
  ...
# Subtest: pence quotes produce base-currency float capitalization without a hundredfold error
ok 97 - pence quotes produce base-currency float capitalization without a hundredfold error
  ---
  duration_ms: 0.196787
  type: 'test'
  ...
# Subtest: Finnhub uses explicit fiscal, trailing and book metrics only
ok 98 - Finnhub uses explicit fiscal, trailing and book metrics only
  ---
  duration_ms: 0.256226
  type: 'test'
  ...
# Subtest: optional financial fallback requires a private token and preserves primary values
ok 99 - optional financial fallback requires a private token and preserves primary values
  ---
  duration_ms: 0.64342
  type: 'test'
  ...
# Subtest: rate limits preserve retry-after and cancellation never triggers fallback
ok 100 - rate limits preserve retry-after and cancellation never triggers fallback
  ---
  duration_ms: 0.547916
  type: 'test'
  ...
# Subtest: real UI definitions have stable 16/24 cells and total-share fallback label
ok 101 - real UI definitions have stable 16/24 cells and total-share fallback label
  ---
  duration_ms: 14.530175
  type: 'test'
  ...
# {"ts":"2026-09-11T12:00:00.000Z","lv":"info","msg":"[topology]","mode":"single-user","delivery":"sse","macroBackground":false,"snapshots":false,"alpaca":false,"finnhub":false,"fx":"reference","recovery":false}
# {"ts":"2026-09-11T12:00:00.000Z","lv":"info","msg":"Market panel on http://127.0.0.1:40227","symbols":["QQQ","SPY"],"version":"93"}
# Subtest: Eastmoney future uses quote timestamp, correct point values and a non-stock change baseline
ok 102 - Eastmoney future uses quote timestamp, correct point values and a non-stock change baseline
  ---
  duration_ms: 2.839752
  type: 'test'
  ...
# Subtest: cached quotes keep trade time; failures respect Retry-After without attempting alternate rate-limit endpoints
ok 103 - cached quotes keep trade time; failures respect Retry-After without attempting alternate rate-limit endpoints
  ---
  duration_ms: 3.074915
  type: 'test'
  ...
# Subtest: Yahoo futures do not inherit stock-session OHLC or wrong symbol values
ok 104 - Yahoo futures do not inherit stock-session OHLC or wrong symbol values
  ---
  duration_ms: 0.312852
  type: 'test'
  ...
# Subtest: remote contract search validates known roots and preserves expiry; paged list is cached rather than exhaustively crawled
ok 105 - remote contract search validates known roots and preserves expiry; paged list is cached rather than exhaustively crawled
  ---
  duration_ms: 1.296264
  type: 'test'
  ...
# Subtest: literal Eastmoney futures history never leaks into Yahoo or US stock endpoints
ok 106 - literal Eastmoney futures history never leaks into Yahoo or US stock endpoints
  ---
  duration_ms: 2.0426
  type: 'test'
  ...
# Subtest: point futures display point values and disable currency conversion, without changing instrument type
ok 107 - point futures display point values and disable currency conversion, without changing instrument type
  ---
  duration_ms: 4.176947
  type: 'test'
  ...
# {"ts":"2026-09-11T12:00:00.000Z","lv":"info","msg":"[req]","m":"GET","p":"/api/search","st":200,"ms":0}
# {"ts":"2026-09-11T12:00:00.000Z","lv":"info","msg":"[req]","m":"GET","p":"/api/history","st":200,"ms":0}
# {"ts":"2026-09-11T12:00:00.000Z","lv":"info","msg":"[topology]","mode":"single-user","delivery":"sse","macroBackground":false,"snapshots":false,"alpaca":false,"finnhub":false,"fx":"reference","recovery":false}
# {"ts":"2026-09-11T12:00:00.000Z","lv":"info","msg":"Market panel on http://127.0.0.1:36577","symbols":["QQQ","SPY"],"version":"93"}
# Subtest: real HTTP: typo discovery works offline and adding the selected symbol reaches futures quote/history paths
ok 108 - real HTTP: typo discovery works offline and adding the selected symbol reaches futures quote/history paths
  ---
  duration_ms: 139.393918
  type: 'test'
  ...
# Subtest: Yahoo display type Futures cannot be mistaken for an equity or filtered out of futures discovery
ok 109 - Yahoo display type Futures cannot be mistaken for an equity or filtered out of futures discovery
  ---
  duration_ms: 0.84876
  type: 'test'
  ...
# {"ts":"2026-09-11T12:00:00.000Z","lv":"info","msg":"[req]","m":"GET","p":"/api/search","st":200,"ms":0}
# Subtest: expanded search keeps supported futures and cash results, not orphan futures without a quote/history identity
ok 110 - expanded search keeps supported futures and cash results, not orphan futures without a quote/history identity
  ---
  duration_ms: 14.391396
  type: 'test'
  ...
# Subtest: futures without source history remain in history mode and do not fabricate local samples
ok 111 - futures without source history remain in history mode and do not fabricate local samples
  ---
  duration_ms: 1.349405
  type: 'test'
  ...
# Subtest: catalogue polls at its own cadence and retries the primary after the bounded preference window
ok 112 - catalogue polls at its own cadence and retries the primary after the bounded preference window
  ---
  duration_ms: 1.42595
  type: 'test'
  ...
# Subtest: futures identifiers survive HTTP/history validation without accepting arbitrary equals expressions
ok 113 - futures identifiers survive HTTP/history validation without accepting arbitrary equals expressions
  ---
  duration_ms: 0.807838
  type: 'test'
  ...
# Subtest: NQ0W produces labelled related futures, not a fabricated cash-index alias
ok 114 - NQ0W produces labelled related futures, not a fabricated cash-index alias
  ---
  duration_ms: 0.460805
  type: 'test'
  ...
# Subtest: Google code and Chinese night-session query resolve distinct provider series
ok 115 - Google code and Chinese night-session query resolve distinct provider series
  ---
  duration_ms: 1.298347
  type: 'test'
  ...
# Subtest: futures never inherit US cash hours or Tencent stock mapping
ok 116 - futures never inherit US cash hours or Tencent stock mapping
  ---
  duration_ms: 0.905835
  type: 'test'
  ...
# Subtest: directory contains futures, with original equity markets retained
ok 117 - directory contains futures, with original equity markets retained
  ---
  duration_ms: 0.536358
  type: 'test'
  ...
# Subtest: futures daily source can aggregate into all K-line periods without changing identity or point scale
ok 118 - futures daily source can aggregate into all K-line periods without changing identity or point scale
  ---
  duration_ms: 16.553826
  type: 'test'
  ...
# Subtest: historical aggregation reused; optional source identity changes produce 409
ok 119 - historical aggregation reused; optional source identity changes produce 409
  ---
  duration_ms: 25.83251
  type: 'test'
  ...
# Subtest: A-share history can fall back to Sina without pretending full historical coverage
ok 120 - A-share history can fall back to Sina without pretending full historical coverage
  ---
  duration_ms: 2.897659
  type: 'test'
  ...
# Subtest: Nasdaq dates are exchange dates, not UTC midnight shifted to the previous NY session
ok 121 - Nasdaq dates are exchange dates, not UTC midnight shifted to the previous NY session
  ---
  duration_ms: 2.485467
  type: 'test'
  ...
# Subtest: Eastmoney codes and namespaces are verified; OHLC field order cannot invert high/low/close
ok 122 - Eastmoney codes and namespaces are verified; OHLC field order cannot invert high/low/close
  ---
  duration_ms: 0.967829
  type: 'test'
  ...
# Subtest: Nasdaq intraday accepts source epoch, keeps latest NY date and never fabricates volume
ok 123 - Nasdaq intraday accepts source epoch, keeps latest NY date and never fabricates volume
  ---
  duration_ms: 0.3852
  type: 'test'
  ...
# Subtest: empty Nasdaq table uses Eastmoney, then identical requests use the shared cached result
ok 124 - empty Nasdaq table uses Eastmoney, then identical requests use the shared cached result
  ---
  duration_ms: 1.283996
  type: 'test'
  ...
# Subtest: daily to yearly while source request is in flight fetches the wider range once, not undersized cache
ok 125 - daily to yearly while source request is in flight fetches the wider range once, not undersized cache
  ---
  duration_ms: 0.74976
  type: 'test'
  ...
# Subtest: history timeout starts when a queued job executes; queueing cards cannot expire healthy work
ok 126 - history timeout starts when a queued job executes; queueing cards cannot expire healthy work
  ---
  duration_ms: 185.568787
  type: 'test'
  ...
# Subtest: a late wider history demand is fulfilled even after the first source request has already started
ok 127 - a late wider history demand is fulfilled even after the first source request has already started
  ---
  duration_ms: 41.910183
  type: 'test'
  ...
# Subtest: first cold failure includes the same retryAt as subsequent suppressed reads
ok 128 - first cold failure includes the same retryAt as subsequent suppressed reads
  ---
  duration_ms: 1.135883
  type: 'test'
  ...
# Subtest: 429 on the Eastmoney host does not probe another namespace during cooldown
ok 129 - 429 on the Eastmoney host does not probe another namespace during cooldown
  ---
  duration_ms: 1.204536
  type: 'test'
  ...
# Subtest: malformed successful history payload triggers a backup without weakening source identity checks
ok 130 - malformed successful history payload triggers a backup without weakening source identity checks
  ---
  duration_ms: 0.896902
  type: 'test'
  ...
# Subtest: same-day lagging source history stays visible; samples/history are explicit user choices
ok 131 - same-day lagging source history stays visible; samples/history are explicit user choices
  ---
  duration_ms: 2.0827
  type: 'test'
  ...
# Subtest: production lazy history enrichment fetches only intraday; daily/weekly use the history API on demand
ok 132 - production lazy history enrichment fetches only intraday; daily/weekly use the history API on demand
  ---
  duration_ms: 1.3596
  type: 'test'
  ...
# Subtest: deployment history acceptance checks all four periods and actual candles, not service readiness
ok 133 - deployment history acceptance checks all four periods and actual candles, not service readiness
  ---
  duration_ms: 2.658057
  type: 'test'
  ...
# Subtest: deployment acceptance fails on empty or cooling history without repeatedly polling a failed symbol
ok 134 - deployment acceptance fails on empty or cooling history without repeatedly polling a failed symbol
  ---
  duration_ms: 0.390499
  type: 'test'
  ...
# Subtest: legitimate pre-1970 daily dates are not rejected as invalid Unix timestamps
ok 135 - legitimate pre-1970 daily dates are not rejected as invalid Unix timestamps
  ---
  duration_ms: 1.125988
  type: 'test'
  ...
# Subtest: background warms without browser; disconnect is not a stop and reselect updates membership
ok 136 - background warms without browser; disconnect is not a stop and reselect updates membership
  ---
  duration_ms: 992.035846
  type: 'test'
  ...
# Subtest: persist raw daily data and watchlist; restart serves four periods while network fails
ok 137 - persist raw daily data and watchlist; restart serves four periods while network fails
  ---
  duration_ms: 2058.202183
  type: 'test'
  ...
# Subtest: one worker does not overlap cycles or bypass 429 cooldown
ok 138 - one worker does not overlap cycles or bypass 429 cooldown
  ---
  duration_ms: 30.791515
  type: 'test'
  ...
# Subtest: real HTTP cache bundle and four tab endpoints return without upstream on warm path
ok 139 - real HTTP cache bundle and four tab endpoints return without upstream on warm path
  ---
  duration_ms: 215.281251
  type: 'test'
  ...
# Subtest: SSE publishes history without a dedicated history stream or clicking tabs
ok 140 - SSE publishes history without a dedicated history stream or clicking tabs
  ---
  duration_ms: 127.853282
  type: 'test'
  ...
# Subtest: prepared four periods share one raw read; hydration reuses arrays and rejects an older source snapshot
ok 141 - prepared four periods share one raw read; hydration reuses arrays and rejects an older source snapshot
  ---
  duration_ms: 211.977412
  type: 'test'
  ...
# Subtest: stopping a never-started service does not overwrite an existing checkpoint
ok 142 - stopping a never-started service does not overwrite an existing checkpoint
  ---
  duration_ms: 3.236588
  type: 'test'
  ...
# Subtest: serial worker chooses the oldest due entry, so one slow symbol cannot starve later symbols
ok 143 - serial worker chooses the oldest due entry, so one slow symbol cannot starve later symbols
  ---
  duration_ms: 1.546711
  type: 'test'
  ...
# Subtest: explicitly clearing the last watchlist survives a restart and does not resurrect old symbols
ok 144 - explicitly clearing the last watchlist survives a restart and does not resurrect old symbols
  ---
  duration_ms: 148.128138
  type: 'test'
  ...
# Subtest: Yahoo sibling hosts share a cooldown; no early half-open request
ok 145 - Yahoo sibling hosts share a cooldown; no early half-open request
  ---
  duration_ms: 4.885273
  type: 'test'
  ...
# Subtest: a source error does not stop an unrelated source
ok 146 - a source error does not stop an unrelated source
  ---
  duration_ms: 0.337018
  type: 'test'
  ...
# Subtest: all queued requests are checked again after the first 429
ok 147 - all queued requests are checked again after the first 429
  ---
  duration_ms: 0.685563
  type: 'test'
  ...
# Subtest: Retry-After date and reset timestamp are lower bounds, never capped early
ok 148 - Retry-After date and reset timestamp are lower bounds, never capped early
  ---
  duration_ms: 0.167222
  type: 'test'
  ...
# Subtest: real HTTP serves readiness without source polling; SSE propagates cached changes and cv deltas
ok 149 - real HTTP serves readiness without source polling; SSE propagates cached changes and cv deltas
  ---
  duration_ms: 391.698563
  type: 'test'
  ...
# Subtest: server construction/import and two lifecycle cycles own no global network instance
ok 150 - server construction/import and two lifecycle cycles own no global network instance
  ---
  duration_ms: 7.009904
  type: 'test'
  ...
# Subtest: Hynix aliases return both listings; Korean code and US ADR remain distinct
ok 151 - Hynix aliases return both listings; Korean code and US ADR remain distinct
  ---
  duration_ms: 2.807872
  type: 'test'
  ...
# Subtest: HTTP exact company alias works when every remote search is unavailable
ok 152 - HTTP exact company alias works when every remote search is unavailable
  ---
  duration_ms: 25.554622
  type: 'test'
  ...
# Subtest: unknown Korean numeric code requires exact provider identity and exchange confirmation
ok 153 - unknown Korean numeric code requires exact provider identity and exchange confirmation
  ---
  duration_ms: 1.002611
  type: 'test'
  ...
# Subtest: Korean minute XML uses close and cumulative volume differences; daily XML retains real OHLC
ok 154 - Korean minute XML uses close and cumulative volume differences; daily XML retains real OHLC
  ---
  duration_ms: 1.822707
  type: 'test'
  ...
# Subtest: Korean minute history is deduplicated, cached for 60s and never requested for the ADR
ok 155 - Korean minute history is deduplicated, cached for 60s and never requested for the ADR
  ---
  duration_ms: 0.708848
  type: 'test'
  ...
# Subtest: shared history router tries Naver for Korea, keeps ADR on US route; daily fallback never leaks into intraday
ok 156 - shared history router tries Naver for Korea, keeps ADR on US route; daily fallback never leaks into intraday
  ---
  duration_ms: 0.726194
  type: 'test'
  ...
# Subtest: remove watchlist evicts all snapshot state, not only membership
ok 157 - remove watchlist evicts all snapshot state, not only membership
  ---
  duration_ms: 182.783386
  type: 'test'
  ...
# Subtest: stream enrichment retries a pending snapshot in one second rather than one minute
ok 158 - stream enrichment retries a pending snapshot in one second rather than one minute
  ---
  duration_ms: 2.759539
  type: 'test'
  ...
# Subtest: news has no autonomous poller and changing watchlist cannot exhaust client slots
ok 159 - news has no autonomous poller and changing watchlist cannot exhaust client slots
  ---
  duration_ms: 0.681427
  type: 'test'
  ...
# Subtest: no calendar credentials means zero external calls
ok 160 - no calendar credentials means zero external calls
  ---
  duration_ms: 0.837642
  type: 'test'
  ...
# Subtest: consensus is captured before scheduled release and never overwritten by the model or a post-release revision
ok 161 - consensus is captured before scheduled release and never overwritten by the model or a post-release revision
  ---
  duration_ms: 1.350715
  type: 'test'
  ...
# Subtest: missing consensus never falls back to model forecast; late start never claims a pre-release snapshot
ok 162 - missing consensus never falls back to model forecast; late start never claims a pre-release snapshot
  ---
  duration_ms: 0.221794
  type: 'test'
  ...
# Subtest: estimated time, missing reference, or foreign country cannot yield a confirmed comparable release
ok 163 - estimated time, missing reference, or foreign country cannot yield a confirmed comparable release
  ---
  duration_ms: 0.268535
  type: 'test'
  ...
# Subtest: unauthorized keys stop repeated calls until restart; error does not expose secrets
ok 164 - unauthorized keys stop repeated calls until restart; error does not expose secrets
  ---
  duration_ms: 0.379372
  type: 'test'
  ...
# Subtest: context construction and snapshot are reads; the application monitor owns scheduling; concurrent calls share a batch
ok 165 - context construction and snapshot are reads; the application monitor owns scheduling; concurrent calls share a batch
  ---
  duration_ms: 3.282196
  type: 'test'
  ...
# Subtest: startup waits for a real same-window anchor, never synthesizes day returns
ok 166 - startup waits for a real same-window anchor, never synthesizes day returns
  ---
  duration_ms: 0.821698
  type: 'test'
  ...
# Subtest: no source trade time or old source time cannot be refreshed by an HTTP success
ok 167 - no source trade time or old source time cannot be refreshed by an HTTP success
  ---
  duration_ms: 1.778761
  type: 'test'
  ...
# Subtest: source identity changes reset samples rather than splice series
ok 168 - source identity changes reset samples rather than splice series
  ---
  duration_ms: 0.406292
  type: 'test'
  ...
# Subtest: 429 respects retryAt and cached quote remains old, with an error
ok 169 - 429 respects retryAt and cached quote remains old, with an error
  ---
  duration_ms: 0.7233
  type: 'test'
  ...
# Subtest: closing stops reads and restart restores normal service
ok 170 - closing stops reads and restart restores normal service
  ---
  duration_ms: 0.562437
  type: 'test'
  ...
# Subtest: index quotes preserve exact identity and raw units, reject mismatched and missing prices
ok 171 - index quotes preserve exact identity and raw units, reject mismatched and missing prices
  ---
  duration_ms: 0.355005
  type: 'test'
  ...
# Subtest: declared delayed feed cannot enter synchronous comparisons just because it reports a recent timestamp
ok 172 - declared delayed feed cannot enter synchronous comparisons just because it reports a recent timestamp
  ---
  duration_ms: 1.002722
  type: 'test'
  ...
# Subtest: CPI surprise requires matching actual and consensus, not previous
ok 173 - CPI surprise requires matching actual and consensus, not previous
  ---
  duration_ms: 5.890527
  type: 'test'
  ...
# Subtest: headline/core and YoY/MoM cannot be mixed into one surprise
ok 174 - headline/core and YoY/MoM cannot be mixed into one surprise
  ---
  duration_ms: 0.478872
  type: 'test'
  ...
# Subtest: forecast, non-US, unrecognised units and missing reference month cannot become release surprises
ok 175 - forecast, non-US, unrecognised units and missing reference month cannot become release surprises
  ---
  duration_ms: 0.470879
  type: 'test'
  ...
# Subtest: English explicit US CPI release is parsed; predicted values remain pending
ok 176 - English explicit US CPI release is parsed; predicted values remain pending
  ---
  duration_ms: 1.072006
  type: 'test'
  ...
# Subtest: oil supply loss means conditional oil support and Nasdaq pressure, not universal good news
ok 177 - oil supply loss means conditional oil support and Nasdaq pressure, not universal good news
  ---
  duration_ms: 0.559774
  type: 'test'
  ...
# Subtest: oil supply recovery and demand destruction have different Nasdaq interpretation
ok 178 - oil supply recovery and demand destruction have different Nasdaq interpretation
  ---
  duration_ms: 1.167149
  type: 'test'
  ...
# Subtest: oil price alone and profit-taking narrative cannot establish capital rotation
ok 179 - oil price alone and profit-taking narrative cannot establish capital rotation
  ---
  duration_ms: 0.243587
  type: 'test'
  ...
# Subtest: negation and rumours cannot become factual supply shock
ok 180 - negation and rumours cannot become factual supply shock
  ---
  duration_ms: 0.485932
  type: 'test'
  ...
# Subtest: old official announcements are background, official status is not a trading confidence score
ok 181 - old official announcements are background, official status is not a trading confidence score
  ---
  duration_ms: 0.319
  type: 'test'
  ...
# Subtest: a source name cannot impersonate an official source
ok 182 - a source name cannot impersonate an official source
  ---
  duration_ms: 0.509157
  type: 'test'
  ...
# Subtest: duplicate links and identical syndicated titles count as one event, not independent confirmations
ok 183 - duplicate links and identical syndicated titles count as one event, not independent confirmations
  ---
  duration_ms: 0.561807
  type: 'test'
  ...
# Subtest: evidence records the source text scope without claiming to read full articles
ok 184 - evidence records the source text scope without claiming to read full articles
  ---
  duration_ms: 0.399252
  type: 'test'
  ...
# Subtest: different flashes with the same feed landing URL are not collapsed
ok 185 - different flashes with the same feed landing URL are not collapsed
  ---
  duration_ms: 0.19256
  type: 'test'
  ...
# Subtest: production HTTP reads server-owned macro snapshots; real parsers, separate factor collection and consensus capture
ok 186 - production HTTP reads server-owned macro snapshots; real parsers, separate factor collection and consensus capture
  ---
  duration_ms: 8097.314709
  type: 'test'
  ...
# Subtest: release smoke commands read the local VERSION; macro check reads monitor cache, not additional macro sources
ok 187 - release smoke commands read the local VERSION; macro check reads monitor cache, not additional macro sources
  ---
  duration_ms: 266.534487
  type: 'test'
  ...
# Subtest: 真实定时器：没有任何HTTP/SSE客户端时后台仍定时执行
ok 188 - 真实定时器：没有任何HTTP/SSE客户端时后台仍定时执行
  ---
  duration_ms: 87.939374
  type: 'test'
  ...
# Subtest: 重入与订阅退订不产生另一套采集；停止后不再读取
ok 189 - 重入与订阅退订不产生另一套采集；停止后不再读取
  ---
  duration_ms: 24.119622
  type: 'test'
  ...
# Subtest: 持久化恢复来源采样和新闻，重启不是重新等15分钟
ok 190 - 持久化恢复来源采样和新闻，重启不是重新等15分钟
  ---
  duration_ms: 18.992615
  type: 'test'
  ...
# Subtest: 损坏状态可启动但明确记录恢复失败，不制造历史采样
ok 191 - 损坏状态可启动但明确记录恢复失败，不制造历史采样
  ---
  duration_ms: 8.476731
  type: 'test'
  ...
# Subtest: 全部因子429时仍独立更新新闻，不把失败采集标成成功
ok 192 - 全部因子429时仍独立更新新闻，不把失败采集标成成功
  ---
  duration_ms: 1.356564
  type: 'test'
  ...
# Subtest: 发布前共识跨重启保留，发布后当前预期不覆盖真实捕获值
ok 193 - 发布前共识跨重启保留，发布后当前预期不覆盖真实捕获值
  ---
  duration_ms: 1.240759
  type: 'test'
  ...
# Subtest: 外部通知只发送新增重点事件，重试遵守429且不重复发送
ok 194 - 外部通知只发送新增重点事件，重试遵守429且不重复发送
  ---
  duration_ms: 51.548154
  type: 'test'
  ...
# Subtest: 可选Webhook只接受HTTPS，权限只出现在服务端请求头
ok 195 - 可选Webhook只接受HTTPS，权限只出现在服务端请求头
  ---
  duration_ms: 2.016007
  type: 'test'
  ...
# Subtest: 生产HTTP：零页面启动采集、SSE快照、断线后台继续、重新连接拿新快照
ok 196 - 生产HTTP：零页面启动采集、SSE快照、断线后台继续、重新连接拿新快照
  ---
  duration_ms: 8088.454302
  type: 'test'
  ...
# Subtest: 截图复现：英国民调不是美国CPI实际发布，也不应贴纳指标签
ok 197 - 截图复现：英国民调不是美国CPI实际发布，也不应贴纳指标签
  ---
  duration_ms: 2.583094
  type: 'test'
  ...
# Subtest: 截图复现：同次民调不同期限归组，保留每个期限而非三条重复占位
ok 198 - 截图复现：同次民调不同期限归组，保留每个期限而非三条重复占位
  ---
  duration_ms: 1.75138
  type: 'test'
  ...
# Subtest: 否定复现：未减产、并未恢复供应不能变成已发生供给冲击
ok 199 - 否定复现：未减产、并未恢复供应不能变成已发生供给冲击
  ---
  duration_ms: 3.077399
  type: 'test'
  ...
# Subtest: 采样复现：来源缺成交时点，应分别提供观察时间和采样进度而非永久提示等15分钟
ok 200 - 采样复现：来源缺成交时点，应分别提供观察时间和采样进度而非永久提示等15分钟
  ---
  duration_ms: 2.143031
  type: 'test'
  ...
# Subtest: 生命周期复现：宏观后台有显式服务，不依赖HTTP展开请求
ok 201 - 生命周期复现：宏观后台有显式服务，不依赖HTTP展开请求
  ---
  duration_ms: 8.026951
  type: 'test'
  ...
# Subtest: macro initial HTTP snapshot preserves analysisVersion before slow upstream completes
ok 202 - macro initial HTTP snapshot preserves analysisVersion before slow upstream completes
  ---
  duration_ms: 0.89584
  type: 'test'
  ...
# Subtest: stale news cache is retained without advancing the last successful source collection
ok 203 - stale news cache is retained without advancing the last successful source collection
  ---
  duration_ms: 4.833186
  type: 'test'
  ...
# Subtest: failed webhook is abandoned after five attempts and cannot be silently re-enqueued each news cycle
ok 204 - failed webhook is abandoned after five attempts and cannot be silently re-enqueued each news cycle
  ---
  duration_ms: 14.264473
  type: 'test'
  ...
# Subtest: 新浪四项一次文本批量解析，未知时区绝不编造成交时间
ok 205 - 新浪四项一次文本批量解析，未知时区绝不编造成交时间
  ---
  duration_ms: 1.496035
  type: 'test'
  ...
# Subtest: 美元时间/价格字段错位、空响应和脚本不能形成伪报价
ok 206 - 美元时间/价格字段错位、空响应和脚本不能形成伪报价
  ---
  duration_ms: 0.193202
  type: 'test'
  ...
# Subtest: 收益率仅取近期日线收盘并标记%，拒绝古老/未来/错字段数据
ok 207 - 收益率仅取近期日线收盘并标记%，拒绝古老/未来/错字段数据
  ---
  duration_ms: 0.725193
  type: 'test'
  ...
# Subtest: 五项并行读取共享一次新浪批量；无Yahoo时四项备用+日债源可用
ok 208 - 五项并行读取共享一次新浪批量；无Yahoo时四项备用+日债源可用
  ---
  duration_ms: 3.57551
  type: 'test'
  ...
# Subtest: 429源与备源均失败时冷却，点击不重试；服务端Retry-After优先
ok 209 - 429源与备源均失败时冷却，点击不重试；服务端Retry-After优先
  ---
  duration_ms: 1.181331
  type: 'test'
  ...
# Subtest: 日度收益率可以展示但不产生分钟利率反应
ok 210 - 日度收益率可以展示但不产生分钟利率反应
  ---
  duration_ms: 2.313798
  type: 'test'
  ...
# Subtest: 重复后台合并同次民调是幂等的，不无限增长摘要和期限计数
ok 211 - 重复后台合并同次民调是幂等的，不无限增长摘要和期限计数
  ---
  duration_ms: 1.920375
  type: 'test'
  ...
# Subtest: 英国CPI本土数据不套美国缺失提示，混合地区不猜单国
ok 212 - 英国CPI本土数据不套美国缺失提示，混合地区不猜单国
  ---
  duration_ms: 1.058716
  type: 'test'
  ...
# Subtest: HTTP and background: blocked Yahoo/Sina, partial catalogue and daily references, followed by recovery
ok 213 - HTTP and background: blocked Yahoo/Sina, partial catalogue and daily references, followed by recovery
  ---
  duration_ms: 10112.395859
  type: 'test'
  ...
# Subtest: FRED daily parser validates series ID/date/unit, tolerates missing points, never uses latest CPI as a price
ok 214 - FRED daily parser validates series ID/date/unit, tolerates missing points, never uses latest CPI as a price
  ---
  duration_ms: 0.838944
  type: 'test'
  ...
# Subtest: Sina GBK still works after adding UTF-8 support; no JavaScript execution
ok 215 - Sina GBK still works after adding UTF-8 support; no JavaScript execution
  ---
  duration_ms: 9.964511
  type: 'test'
  ...
# Subtest: slow shared candidate is bounded and never duplicated while unresolved
ok 216 - slow shared candidate is bounded and never duplicated while unresolved
  ---
  duration_ms: 46.812674
  type: 'test'
  ...
# Subtest: public daily fallback is cached once for concurrent factor requests; does not increase requested-symbol coverage
ok 217 - public daily fallback is cached once for concurrent factor requests; does not increase requested-symbol coverage
  ---
  duration_ms: 2.568772
  type: 'test'
  ...
# Subtest: Brotli decoding and decompressed-size bound work through a real local HTTP socket
ok 218 - Brotli decoding and decompressed-size bound work through a real local HTTP socket
  ---
  duration_ms: 30.657968
  type: 'test'
  ...
# Subtest: expired persisted daily data becomes stale and cannot pass as available daily context
ok 219 - expired persisted daily data becomes stale and cannot pass as available daily context
  ---
  duration_ms: 0.799716
  type: 'test'
  ...
# Subtest: daily CSV rejects impossible calendar dates rather than accepting normalized dates
ok 220 - daily CSV rejects impossible calendar dates rather than accepting normalized dates
  ---
  duration_ms: 0.367424
  type: 'test'
  ...
# Subtest: R26-01: transport decodes gzip before provider text parsing
ok 221 - R26-01: transport decodes gzip before provider text parsing
  ---
  duration_ms: 22.128629
  type: 'test'
  ...
# Subtest: R26-02: Sina macro uses the canonical query-list endpoint
ok 222 - R26-02: Sina macro uses the canonical query-list endpoint
  ---
  duration_ms: 1.984882
  type: 'test'
  ...
# Subtest: R26-03: all realtime routes failing can expose named daily references, not blank or fake futures
ok 223 - R26-03: all realtime routes failing can expose named daily references, not blank or fake futures
  ---
  duration_ms: 2.964027
  type: 'test'
  ...
# Subtest: R26-04: a daily fallback is not pinned ahead of a recovered intraday source
ok 224 - R26-04: a daily fallback is not pinned ahead of a recovered intraday source
  ---
  duration_ms: 1.571919
  type: 'test'
  ...
# Subtest: R26-05: factor cadence uses request start instead of adding network delay to 30 seconds
ok 225 - R26-05: factor cadence uses request start instead of adding network delay to 30 seconds
  ---
  duration_ms: 2.350422
  type: 'test'
  ...
# Subtest: R26-06: publish a ready factor while another provider is still pending
ok 226 - R26-06: publish a ready factor while another provider is still pending
  ---
  duration_ms: 10.150748
  type: 'test'
  ...
# Subtest: R26-07: a fresh observation window can compare event-timestamped and untimestamped feeds without relabelling event time
ok 227 - R26-07: a fresh observation window can compare event-timestamped and untimestamped feeds without relabelling event time
  ---
  duration_ms: 0.912465
  type: 'test'
  ...
# Subtest: R26-08: diagnostics survive a total failure even with no previous successful quote
ok 228 - R26-08: diagnostics survive a total failure even with no previous successful quote
  ---
  duration_ms: 0.381665
  type: 'test'
  ...
# Subtest: R26-09: unavailable factor never says wait-for-window in frontend
ok 229 - R26-09: unavailable factor never says wait-for-window in frontend
  ---
  duration_ms: 1.684939
  type: 'test'
  ...
# Subtest: R26-10: a lower-quality stale result must not overwrite the last good observation
ok 230 - R26-10: a lower-quality stale result must not overwrite the last good observation
  ---
  duration_ms: 0.553995
  type: 'test'
  ...
# Subtest: R26-11: UTF-8 returned through latin1 transport must not silently remove the dollar index
ok 231 - R26-11: UTF-8 returned through latin1 transport must not silently remove the dollar index
  ---
  duration_ms: 0.333884
  type: 'test'
  ...
# Subtest: v28 screenshot: 美国核心通胀数据高于预期，交易员加大对美联储加息的押注，利率互换显示下周加息概率升至90%。
ok 232 - v28 screenshot: 美国核心通胀数据高于预期，交易员加大对美联储加息的押注，利率互换显示下周加息概率升至90%。
  ---
  duration_ms: 5.304434
  type: 'test'
  ...
# Subtest: v28 screenshot: U.S. Stocks Rise, Treasury Yields Slip Despite Stubborn Inflation
ok 233 - v28 screenshot: U.S. Stocks Rise, Treasury Yields Slip Despite Stubborn Inflation
  ---
  duration_ms: 1.590217
  type: 'test'
  ...
# Subtest: v28 screenshot: Treasury yields soar to almost 5% on inflation fears
ok 234 - v28 screenshot: Treasury yields soar to almost 5% on inflation fears
  ---
  duration_ms: 1.303474
  type: 'test'
  ...
# Subtest: v28 screenshot: Crude Oil Raises Inflation Concerns as Treasury Yields Weigh on Stocks
ok 235 - v28 screenshot: Crude Oil Raises Inflation Concerns as Treasury Yields Weigh on Stocks
  ---
  duration_ms: 0.432962
  type: 'test'
  ...
# Subtest: v28 screenshot: US inflation continues to rise as Fed considers rate hike following August price surge
ok 236 - v28 screenshot: US inflation continues to rise as Fed considers rate hike following August price surge
  ---
  duration_ms: 0.244649
  type: 'test'
  ...
# Subtest: v28 screenshot: August inflation data demands rate hikes from the Fed
ok 237 - v28 screenshot: August inflation data demands rate hikes from the Fed
  ---
  duration_ms: 0.581486
  type: 'test'
  ...
# Subtest: v28 screenshot: Inflation stayed hot in August with annual pace of 3.4%, raising the odds of a Fed hike
ok 238 - v28 screenshot: Inflation stayed hot in August with annual pace of 3.4%, raising the odds of a Fed hike
  ---
  duration_ms: 0.158188
  type: 'test'
  ...
# Subtest: v28 screenshot: Gold Rebounds as US Inflation Data Cools Record-High Real Rates
ok 239 - v28 screenshot: Gold Rebounds as US Inflation Data Cools Record-High Real Rates
  ---
  duration_ms: 0.392091
  type: 'test'
  ...
# Subtest: v28 screenshot: Oil Soars Past $100 as Saudi Output Crashes to Lowest Since 1990
ok 240 - v28 screenshot: Oil Soars Past $100 as Saudi Output Crashes to Lowest Since 1990
  ---
  duration_ms: 0.627877
  type: 'test'
  ...
# Subtest: v28 screenshot: 美国国债收益率下降，美元走弱
ok 241 - v28 screenshot: 美国国债收益率下降，美元走弱
  ---
  duration_ms: 1.621244
  type: 'test'
  ...
# Subtest: v28 screenshot: Fed hike odds fell to 20% after US data
ok 242 - v28 screenshot: Fed hike odds fell to 20% after US data
  ---
  duration_ms: 0.23923
  type: 'test'
  ...
# Subtest: v28 screenshot: 市场调低美联储降息概率，美元走强
ok 243 - v28 screenshot: 市场调低美联储降息概率，美元走强
  ---
  duration_ms: 0.114443
  type: 'test'
  ...
# Subtest: forecast and rate commentary stay conditional, never a completed decision or 90% return chance
ok 244 - forecast and rate commentary stay conditional, never a completed decision or 90% return chance
  ---
  duration_ms: 0.264529
  type: 'test'
  ...
# Subtest: gold technical headline and ahead-CPI preview are not generic Nasdaq inflation releases
ok 245 - gold technical headline and ahead-CPI preview are not generic Nasdaq inflation releases
  ---
  duration_ms: 0.355555
  type: 'test'
  ...
# Subtest: plain CPI level without consensus remains unknown, not invented surprise
ok 246 - plain CPI level without consensus remains unknown, not invented surprise
  ---
  duration_ms: 0.227813
  type: 'test'
  ...
# Subtest: generic official ECB publication is regional, not Nasdaq
ok 247 - generic official ECB publication is regional, not Nasdaq
  ---
  duration_ms: 0.254824
  type: 'test'
  ...
# Subtest: negated yield and supply events cannot create a directional shock
ok 248 - negated yield and supply events cannot create a directional shock
  ---
  duration_ms: 1.54573
  type: 'test'
  ...
# Subtest: conflicting channels produce mixed impact without summing made-up probabilities
ok 249 - conflicting channels produce mixed impact without summing made-up probabilities
  ---
  duration_ms: 0.164388
  type: 'test'
  ...
# Subtest: diesel refining proposal is not actual crude production growth
ok 250 - diesel refining proposal is not actual crude production growth
  ---
  duration_ms: 0.253682
  type: 'test'
  ...
# Subtest: explicit comparable US inflation release retains priority
ok 251 - explicit comparable US inflation release retains priority
  ---
  duration_ms: 0.958214
  type: 'test'
  ...
# Subtest: old HTTP/SSE snapshots cannot replace newer macro prices, but a restarted process can publish
ok 252 - old HTTP/SSE snapshots cannot replace newer macro prices, but a restarted process can publish
  ---
  duration_ms: 2.946621
  type: 'test'
  ...
# Subtest: Naver preserves the oil contract, USD/barrel unit, explicit offset and ten-minute delay
ok 253 - Naver preserves the oil contract, USD/barrel unit, explicit offset and ten-minute delay
  ---
  duration_ms: 2.175668
  type: 'test'
  ...
# Subtest: CNBC uses yield rather than bond price; time-only values never become fabricated trade dates
ok 254 - CNBC uses yield rather than bond price; time-only values never become fabricated trade dates
  ---
  duration_ms: 0.830171
  type: 'test'
  ...
# Subtest: one shared request per provider supplies independent macro factors and refreshes after TTL
ok 255 - one shared request per provider supplies independent macro factors and refreshes after TTL
  ---
  duration_ms: 1.671409
  type: 'test'
  ...
# Subtest: blocked legacy sources can refresh from public fallback without relabelling delayed oil as live
ok 256 - blocked legacy sources can refresh from public fallback without relabelling delayed oil as live
  ---
  duration_ms: 3.832826
  type: 'test'
  ...
# Subtest: public adapters reject malformed identities, dates, prices and response shapes
ok 257 - public adapters reject malformed identities, dates, prices and response shapes
  ---
  duration_ms: 0.378371
  type: 'test'
  ...
# Subtest: rate limits are shared across factor readers and survive close/reopen
ok 258 - rate limits are shared across factor readers and survive close/reopen
  ---
  duration_ms: 1.162041
  type: 'test'
  ...
# Subtest: HTTP 200 empty data and a missing individual factor do not count as successful quotes
ok 259 - HTTP 200 empty data and a missing individual factor do not count as successful quotes
  ---
  duration_ms: 0.941198
  type: 'test'
  ...
# Subtest: closing a reader interrupts its wait and an old producer cannot publish into a reopened reader
ok 260 - closing a reader interrupts its wait and an old producer cannot publish into a reopened reader
  ---
  duration_ms: 4.720605
  type: 'test'
  ...
# Subtest: a recently cached old primary does not outrank a successfully refreshed delayed backup
ok 261 - a recently cached old primary does not outrank a successfully refreshed delayed backup
  ---
  duration_ms: 0.843882
  type: 'test'
  ...
# Subtest: oversized NYMEX catalogue request must not prevent CL refresh
ok 262 - oversized NYMEX catalogue request must not prevent CL refresh
  ---
  duration_ms: 15.630576
  type: 'test'
  ...
# Subtest: one unresolved factor does not block the next refresh of the other factors
ok 263 - one unresolved factor does not block the next refresh of the other factors
  ---
  duration_ms: 8.466489
  type: 'test'
  ...
# Subtest: declared delayed quotes refresh their displayed value but never become live minute comparisons
ok 264 - declared delayed quotes refresh their displayed value but never become live minute comparisons
  ---
  duration_ms: 0.620575
  type: 'test'
  ...
# Subtest: macro frontend shows automatic checks and source delay without saying the feed is frozen
ok 265 - macro frontend shows automatic checks and source delay without saying the feed is frozen
  ---
  duration_ms: 4.711882
  type: 'test'
  ...
# Subtest: absolute provider cache expiry avoids an extra thirty-second cache-only cycle
ok 266 - absolute provider cache expiry avoids an extra thirty-second cache-only cycle
  ---
  duration_ms: 0.96181
  type: 'test'
  ...
# Subtest: shared catalogue age is not renewed by a second futures cache and pagination stays bounded
ok 267 - shared catalogue age is not renewed by a second futures cache and pagination stays bounded
  ---
  duration_ms: 1.575735
  type: 'test'
  ...
# Subtest: a successful catalogue fallback is refreshed without retrying the failing primary every cycle
ok 268 - a successful catalogue fallback is refreshed without retrying the failing primary every cycle
  ---
  duration_ms: 0.933226
  type: 'test'
  ...
# Subtest: a rejected out-of-order delayed quote preserves usable status without renewing its timestamps
ok 269 - a rejected out-of-order delayed quote preserves usable status without renewing its timestamps
  ---
  duration_ms: 0.724492
  type: 'test'
  ...
# Subtest: statistics use actual closes and covered trading dates, preserving gaps and adjustment warnings
ok 270 - statistics use actual closes and covered trading dates, preserving gaps and adjustment warnings
  ---
  duration_ms: 1.726331
  type: 'test'
  ...
# Subtest: no data yields explicit null statistics and a single close has no return
ok 271 - no data yields explicit null statistics and a single close has no return
  ---
  duration_ms: 0.336247
  type: 'test'
  ...
# Subtest: index statistics retain points and reject mixed currency or malformed column contracts
ok 272 - index statistics retain points and reject mixed currency or malformed column contracts
  ---
  duration_ms: 0.958004
  type: 'test'
  ...
# Subtest: client posts one query with the key only in Authorization and refuses redirects
ok 273 - client posts one query with the key only in Authorization and refuses redirects
  ---
  duration_ms: 4.694154
  type: 'test'
  ...
# Subtest: credential and base URL validation happen before any fetch
ok 274 - credential and base URL validation happen before any fetch
  ---
  duration_ms: 0.47738
  type: 'test'
  ...
# Subtest: auth and provider errors are sanitized without echoing key, URL or response text
ok 275 - auth and provider errors are sanitized without echoing key, URL or response text
  ---
  duration_ms: 1.608985
  type: 'test'
  ...
# Subtest: client bounds decoded response bytes, validates JSON and cancels oversized streams
ok 276 - client bounds decoded response bytes, validates JSON and cancels oversized streams
  ---
  duration_ms: 1.678399
  type: 'test'
  ...
# Subtest: request timeout aborts fetch and body reading with sanitized errors
ok 277 - request timeout aborts fetch and body reading with sanitized errors
  ---
  duration_ms: 20.057318
  type: 'test'
  ...
# Subtest: metadata may be unknown for an empty unavailable series, but invalid populated dates fail closed
ok 278 - metadata may be unknown for an empty unavailable series, but invalid populated dates fail closed
  ---
  duration_ms: 0.440864
  type: 'test'
  ...
# Subtest: response rejected before body reading is still cancelled, and identity mismatches are rejected
ok 279 - response rejected before body reading is still cancelled, and identity mismatches are rejected
  ---
  duration_ms: 1.074409
  type: 'test'
  ...
# Subtest: CLI complete JSON round trip, separate stats and secure output refuse existing files and symlinks
ok 280 - CLI complete JSON round trip, separate stats and secure output refuse existing files and symlinks
  ---
  duration_ms: 306.726338
  type: 'test'
  ...
# Subtest: CLI keeps complete unavailable JSON while returning a retryable nonzero exit status
ok 281 - CLI keeps complete unavailable JSON while returning a retryable nonzero exit status
  ---
  duration_ms: 65.977994
  type: 'test'
  ...
# Subtest: statistics retain non-ready daily status and disclose any included unclosed period
ok 282 - statistics retain non-ready daily status and disclose any included unclosed period
  ---
  duration_ms: 0.654666
  type: 'test'
  ...
# Subtest: quote contract preserves native precision, distinct source times and closed-market confirmed prices
ok 283 - quote contract preserves native precision, distinct source times and closed-market confirmed prices
  ---
  duration_ms: 14.871763
  type: 'test'
  ...
# Subtest: instrument identity and price units distinguish ETF, cash index and A shares without FX conversion
ok 284 - instrument identity and price units distinguish ETF, cash index and A shares without FX conversion
  ---
  duration_ms: 1.166818
  type: 'test'
  ...
# Subtest: intraday source history stays independent, sorted and deduplicated with UTC ms, dates and truthful unknown volume
ok 285 - intraday source history stays independent, sorted and deduplicated with UTC ms, dates and truthful unknown volume
  ---
  duration_ms: 1.821445
  type: 'test'
  ...
# Subtest: daily uses UTC date labels and preserves adjustment uncertainty and native index points
ok 286 - daily uses UTC date labels and preserves adjustment uncertainty and native index points
  ---
  duration_ms: 0.532582
  type: 'test'
  ...
# Subtest: server samples select retained exchange days, preserve gaps, observation times and source changes
ok 287 - server samples select retained exchange days, preserve gaps, observation times and source changes
  ---
  duration_ms: 0.775348
  type: 'test'
  ...
# Subtest: all requested sections remain explicit on failures, and not-applicable fields do not invalidate valid index data
ok 288 - all requested sections remain explicit on failures, and not-applicable fields do not invalidate valid index data
  ---
  duration_ms: 1.265056
  type: 'test'
  ...
# Subtest: recovery prices and independently stale financial fields report partial without changing their ages
ok 289 - recovery prices and independently stale financial fields report partial without changing their ages
  ---
  duration_ms: 0.552152
  type: 'test'
  ...
# Subtest: news and macro output whitelisted observations, safe links and source dates with no internal metadata
ok 290 - news and macro output whitelisted observations, safe links and source dates with no internal metadata
  ---
  duration_ms: 0.933768
  type: 'test'
  ...
# Subtest: an empty successful news result is ready while missing news and empty macro data are unavailable
ok 291 - an empty successful news result is ready while missing news and empty macro data are unavailable
  ---
  duration_ms: 0.416838
  type: 'test'
  ...
# Subtest: retained quote with a source error remains usable and never exports the raw error
ok 292 - retained quote with a source error remains usable and never exports the raw error
  ---
  duration_ms: 0.464551
  type: 'test'
  ...
# Subtest: source intraday default scope is its latest exchange trading date without filling missing minutes
ok 293 - source intraday default scope is its latest exchange trading date without filling missing minutes
  ---
  duration_ms: 1.11423
  type: 'test'
  ...
# Subtest: denomination-normalized history uses its own currency without rescaling quote values
ok 294 - denomination-normalized history uses its own currency without rescaling quote values
  ---
  duration_ms: 0.448797
  type: 'test'
  ...
# Subtest: snapshot read time never renews provider confirmation, and missing sample observations remain null
ok 295 - snapshot read time never renews provider confirmation, and missing sample observations remain null
  ---
  duration_ms: 0.386853
  type: 'test'
  ...
# Subtest: daily invalid/future rows are omitted with an explicit quality warning, and input snapshots are not changed
ok 296 - daily invalid/future rows are omitted with an explicit quality warning, and input snapshots are not changed
  ---
  duration_ms: 0.216816
  type: 'test'
  ...
# Subtest: macro calendar retains provider numeric strings as reported and distinguishes consensus from model forecasts
ok 297 - macro calendar retains provider numeric strings as reported and distinguishes consensus from model forecasts
  ---
  duration_ms: 0.283237
  type: 'test'
  ...
# Subtest: native extended quote t uses seconds and closing intraday print belongs to the regular session
ok 298 - native extended quote t uses seconds and closing intraday print belongs to the regular session
  ---
  duration_ms: 0.434014
  type: 'test'
  ...
# Subtest: samples-only requests infer only the unique currency within selected retained trading dates
ok 299 - samples-only requests infer only the unique currency within selected retained trading dates
  ---
  duration_ms: 0.244308
  type: 'test'
  ...
# Subtest: quote freshness derives overdue successful checks even without stale flags and preserves original times
ok 300 - quote freshness derives overdue successful checks even without stale flags and preserves original times
  ---
  duration_ms: 0.288164
  type: 'test'
  ...
# Subtest: unknown and invalid source check timestamps are partial while old closed quotes with fresh confirmation remain ready
ok 301 - unknown and invalid source check timestamps are partial while old closed quotes with fresh confirmation remain ready
  ---
  duration_ms: 0.345241
  type: 'test'
  ...
# Subtest: read-only key cannot reuse the administrator token
ok 302 - read-only key cannot reuse the administrator token
  ---
  duration_ms: 1.548644
  type: 'test'
  ...
# Subtest: auth precedes expensive work and only the dedicated header key is accepted
ok 303 - auth precedes expensive work and only the dedicated header key is accepted
  ---
  duration_ms: 54.552985
  type: 'test'
  ...
# Subtest: authenticated native HTTP returns complete JSON and preserves saved watchlist
ok 304 - authenticated native HTTP returns complete JSON and preserves saved watchlist
  ---
  duration_ms: 75.228916
  type: 'test'
  ...
# Subtest: strict payload and method handling keep malformed clients out of data services
ok 305 - strict payload and method handling keep malformed clients out of data services
  ---
  duration_ms: 19.99277
  type: 'test'
  ...
# Subtest: token bucket allows burst3 and enforces a separate rolling20-per-minute bound
ok 306 - token bucket allows burst3 and enforces a separate rolling20-per-minute bound
  ---
  duration_ms: 0.308104
  type: 'test'
  ...
# Subtest: wire response cap and chunked request cap are enforced without silent truncation
ok 307 - wire response cap and chunked request cap are enforced without silent truncation
  ---
  duration_ms: 22.064002
  type: 'test'
  ...
# Subtest: published schema validates full, partial and unavailable context with columnar row contracts
ok 308 - published schema validates full, partial and unavailable context with columnar row contracts
  ---
  duration_ms: 25471.197567
  type: 'test'
  ...
# Subtest: OpenAPI, tool input and runtime agree on defaults and explicit range failures
ok 309 - OpenAPI, tool input and runtime agree on defaults and explicit range failures
  ---
  duration_ms: 11015.295836
  type: 'test'
  ...
# Subtest: context query validates ranges, single canonical identity, fields and defaults
ok 310 - context query validates ranges, single canonical identity, fields and defaults
  ---
  duration_ms: 1.912773
  type: 'test'
  ...
# Subtest: fresh quote is returned independently of stalled history within one deadline and browser subscriptions survive
ok 311 - fresh quote is returned independently of stalled history within one deadline and browser subscriptions survive
  ---
  duration_ms: 115.062984
  type: 'test'
  ...
# Subtest: samples and macro are cache reads; query neither subscribes nor changes collection membership
ok 312 - samples and macro are cache reads; query neither subscribes nor changes collection membership
  ---
  duration_ms: 1.525369
  type: 'test'
  ...
# Subtest: news projection reads existing cache and cannot create orphaned producers after a short query
ok 313 - news projection reads existing cache and cannot create orphaned producers after a short query
  ---
  duration_ms: 1.431878
  type: 'test'
  ...
# Subtest: zero-wait queries only inspect caches without starting a temporary quote subscription
ok 314 - zero-wait queries only inspect caches without starting a temporary quote subscription
  ---
  duration_ms: 0.438721
  type: 'test'
  ...
# Subtest: overdue checks get a bounded recovery opportunity without relabeling old data as newly checked
ok 315 - overdue checks get a bounded recovery opportunity without relabeling old data as newly checked
  ---
  duration_ms: 79.808859
  type: 'test'
  ...
# Subtest: global queue is bounded, queue wait counts in deadline, disconnect releases only its temporary subscription
ok 316 - global queue is bounded, queue wait counts in deadline, disconnect releases only its temporary subscription
  ---
  duration_ms: 322.771723
  type: 'test'
  ...
# Subtest: stop cancels active and queued work and does not allow retained requests to restart network work
ok 317 - stop cancels active and queued work and does not allow retained requests to restart network work
  ---
  duration_ms: 21.087777
  type: 'test'
  ...
# Subtest: cold first failure becomes an explicit error with retry time and then recovers
ok 318 - cold first failure becomes an explicit error with retry time and then recovers
  ---
  duration_ms: 221.493038
  type: 'test'
  ...
# Subtest: non-batch source failure also stops claiming that the first request is still pending
ok 319 - non-batch source failure also stops claiming that the first request is still pending
  ---
  duration_ms: 111.503433
  type: 'test'
  ...
# Subtest: Nikkei background collects without browsers; multiple SSE clients share updates despite Yahoo 429
ok 320 - Nikkei background collects without browsers; multiple SSE clients share updates despite Yahoo 429
  ---
  duration_ms: 295.240635
  type: 'test'
  ...
# Subtest: a warm Naver failure can recover through Yahoo without waiting for enrichment
ok 321 - a warm Naver failure can recover through Yahoo without waiting for enrichment
  ---
  duration_ms: 210.400153
  type: 'test'
  ...
# Subtest: Nikkei has a verified index route distinct from Japanese equities, ETFs and futures
ok 322 - Nikkei has a verified index route distinct from Japanese equities, ETFs and futures
  ---
  duration_ms: 1.857921
  type: 'test'
  ...
# Subtest: index quote keeps provider timestamp, delay and point identity; no fabricated index-share volume
ok 323 - index quote keeps provider timestamp, delay and point identity; no fabricated index-share volume
  ---
  duration_ms: 14.331032
  type: 'test'
  ...
# Subtest: Tokyo chart times and daily dates stay correct and unknown volumes remain absent
ok 324 - Tokyo chart times and daily dates stay correct and unknown volumes remain absent
  ---
  duration_ms: 6.504254
  type: 'test'
  ...
# Subtest: index batch bypasses unsupported stock routes and shares the existing polling path
ok 325 - index batch bypasses unsupported stock routes and shares the existing polling path
  ---
  duration_ms: 2.287929
  type: 'test'
  ...
# Subtest: Yahoo failure cannot block verified Nikkei history and larger ranges fetch correctly
ok 326 - Yahoo failure cannot block verified Nikkei history and larger ranges fetch correctly
  ---
  duration_ms: 40.874701
  type: 'test'
  ...
# Subtest: 429 cooldown is honored, stop aborts work and malformed responses are rejected
ok 327 - 429 cooldown is honored, stop aborts work and malformed responses are rejected
  ---
  duration_ms: 1.060108
  type: 'test'
  ...
# Subtest: cached quotes carry the exact source deadline across network latency and reconnects
ok 328 - cached quotes carry the exact source deadline across network latency and reconnects
  ---
  duration_ms: 0.8691
  type: 'test'
  ...
# Subtest: one-second schedule counts from request start, not response finish; slow history cannot block quotes
ok 329 - one-second schedule counts from request start, not response finish; slow history cannot block quotes
  ---
  duration_ms: 4.184638
  type: 'test'
  ...
# Subtest: opening resumes promptly but does not override a provider Retry-After
ok 330 - opening resumes promptly but does not override a provider Retry-After
  ---
  duration_ms: 2.044141
  type: 'test'
  ...
# Subtest: nested source TTL does not skip a second when batch and source starts differ by 1 ms
ok 331 - nested source TTL does not skip a second when batch and source starts differ by 1 ms
  ---
  duration_ms: 23.030505
  type: 'test'
  ...
# Subtest: absolute source deadlines keep a fallback at 1 s without bypassing primary Retry-After
ok 332 - absolute source deadlines keep a fallback at 1 s without bypassing primary Retry-After
  ---
  duration_ms: 7.344411
  type: 'test'
  ...
# Subtest: Sina builds one HTTPS batch, parses data without eval and distinguishes website time from trade time
ok 333 - Sina builds one HTTPS batch, parses data without eval and distinguishes website time from trade time
  ---
  duration_ms: 16.175001
  type: 'test'
  ...
# Subtest: Sina extended trade selects its own timestamp and regular reference, never request time
ok 334 - Sina extended trade selects its own timestamp and regular reference, never request time
  ---
  duration_ms: 0.740717
  type: 'test'
  ...
# Subtest: Sina rejects malformed, future and missing trade times; EST/EDT and year boundary are explicit
ok 335 - Sina rejects malformed, future and missing trade times; EST/EDT and year boundary are explicit
  ---
  duration_ms: 0.605322
  type: 'test'
  ...
# Subtest: Chinese and Hong Kong Sina records preserve separate currencies and identity
ok 336 - Chinese and Hong Kong Sina records preserve separate currencies and identity
  ---
  duration_ms: 1.312668
  type: 'test'
  ...
# Subtest: Tencent HK batch cannot accidentally use USD; source polling floor is 1s
ok 337 - Tencent HK batch cannot accidentally use USD; source polling floor is 1s
  ---
  duration_ms: 2.189941
  type: 'test'
  ...
# Subtest: 429 Retry-After suppresses queued siblings; closing and reopening do not bypass cooldown
ok 338 - 429 Retry-After suppresses queued siblings; closing and reopening do not bypass cooldown
  ---
  duration_ms: 2.017952
  type: 'test'
  ...
# Subtest: HTTP reads only cached quotes; one update path, exact trade time retained
ok 339 - HTTP reads only cached quotes; one update path, exact trade time retained
  ---
  duration_ms: 4.757351
  type: 'test'
  ...
# Subtest: new trades coalesce to one event; unchanged snapshots do not emit
ok 340 - new trades coalesce to one event; unchanged snapshots do not emit
  ---
  duration_ms: 211.10481
  type: 'test'
  ...
# Subtest: three started trading days at 2026-09-13T13:00:00Z
ok 341 - three started trading days at 2026-09-13T13:00:00Z
  ---
  duration_ms: 14.949824
  type: 'test'
  ...
# Subtest: three started trading days at 2026-09-14T07:59:00Z
ok 342 - three started trading days at 2026-09-14T07:59:00Z
  ---
  duration_ms: 0.724772
  type: 'test'
  ...
# Subtest: three started trading days at 2026-09-14T08:00:00Z
ok 343 - three started trading days at 2026-09-14T08:00:00Z
  ---
  duration_ms: 0.342205
  type: 'test'
  ...
# Subtest: three started trading days at 2026-09-07T14:00:00Z
ok 344 - three started trading days at 2026-09-07T14:00:00Z
  ---
  duration_ms: 0.303698
  type: 'test'
  ...
# Subtest: three started trading days at 2026-11-02T08:59:00Z
ok 345 - three started trading days at 2026-11-02T08:59:00Z
  ---
  duration_ms: 0.309527
  type: 'test'
  ...
# Subtest: three started trading days at 2026-11-02T09:00:00Z
ok 346 - three started trading days at 2026-11-02T09:00:00Z
  ---
  duration_ms: 0.259581
  type: 'test'
  ...
# Subtest: three started trading days at 2026-11-27T19:00:00Z
ok 347 - three started trading days at 2026-11-27T19:00:00Z
  ---
  duration_ms: 0.340994
  type: 'test'
  ...
# Subtest: unsupported futures and unknown calendar fail closed
ok 348 - unsupported futures and unknown calendar fail closed
  ---
  duration_ms: 0.222315
  type: 'test'
  ...
# Subtest: minute last actual quote, deduplication, corrections, no stale/future/unknown data
ok 349 - minute last actual quote, deduplication, corrections, no stale/future/unknown data
  ---
  duration_ms: 2.928865
  type: 'test'
  ...
# Subtest: delayed quotes retain source time and delay; first opening cannot backfill weekend closes
ok 350 - delayed quotes retain source time and delay; first opening cannot backfill weekend closes
  ---
  duration_ms: 0.800066
  type: 'test'
  ...
# Subtest: window excludes an unobserved trading day rather than retaining older observed dates
ok 351 - window excludes an unobserved trading day rather than retaining older observed dates
  ---
  duration_ms: 1.881295
  type: 'test'
  ...
# Subtest: persist and restore preserve points, prune removed symbols and report write failures
ok 352 - persist and restore preserve points, prune removed symbols and report write failures
  ---
  duration_ms: 12.130224
  type: 'test'
  ...
# Subtest: malformed or symlink persisted files are not trusted and capacity stays bounded
ok 353 - malformed or symlink persisted files are not trusted and capacity stays bounded
  ---
  duration_ms: 10.076649
  type: 'test'
  ...
# Subtest: server membership survives zero browser clients and removal stops sampling
ok 354 - server membership survives zero browser clients and removal stops sampling
  ---
  duration_ms: 3.408788
  type: 'test'
  ...
# Subtest: connected clients receive source-only and persistence error transitions without new prices
ok 355 - connected clients receive source-only and persistence error transitions without new prices
  ---
  duration_ms: 2.943427
  type: 'test'
  ...
# Subtest: interrupting startup restore and restarting does not double-count retained bytes
ok 356 - interrupting startup restore and restarting does not double-count retained bytes
  ---
  duration_ms: 2.939521
  type: 'test'
  ...
# Subtest: capacity rejection is visible and clears after retained dates expire
ok 357 - capacity rejection is visible and clears after retained dates expire
  ---
  duration_ms: 1.018666
  type: 'test'
  ...
# Subtest: global-market samples preserve minor currency units without a hundred-fold conversion
ok 358 - global-market samples preserve minor currency units without a hundred-fold conversion
  ---
  duration_ms: 1.18068
  type: 'test'
  ...
# Subtest: real HTTP with production source composition: US batch every second, Korean identity/history, no per-card polling
ok 359 - real HTTP with production source composition: US batch every second, Korean identity/history, no per-card polling
  ---
  duration_ms: 3470.077131
  type: 'test'
  ...
# Subtest: R03 real quote HTTP admission rejects overflow and never starts a cancelled queued request
ok 360 - R03 real quote HTTP admission rejects overflow and never starts a cancelled queued request
  ---
  duration_ms: 4042.394634
  type: 'test'
  ...
# Subtest: R03 client search disconnect aborts the actual dependency signal
ok 361 - R03 client search disconnect aborts the actual dependency signal
  ---
  duration_ms: 4013.844231
  type: 'test'
  ...
# Subtest: R03 quote and macro streams share one connection budget; HEAD never consumes it
ok 362 - R03 quote and macro streams share one connection budget; HEAD never consumes it
  ---
  duration_ms: 17.122969
  type: 'test'
  ...
# Subtest: R03 fifty stream open/close cycles return all subscriptions, owners and buffers to baseline
ok 363 - R03 fifty stream open/close cycles return all subscriptions, owners and buffers to baseline
  ---
  duration_ms: 301.505387
  type: 'test'
  ...
# Subtest: R13 allowed/rejected origins have consistent CORS on new GET, HEAD, OPTIONS and SSE routes
ok 364 - R13 allowed/rejected origins have consistent CORS on new GET, HEAD, OPTIONS and SSE routes
  ---
  duration_ms: 46.706787
  type: 'test'
  ...
# Subtest: R11 read-only APIs preserve durable membership; explicit save is validated and origin-protected
ok 365 - R11 read-only APIs preserve durable membership; explicit save is validated and origin-protected
  ---
  duration_ms: 26.89487
  type: 'test'
  ...
# Subtest: R02 a stalled POST body times out without later mutating persistent membership
ok 366 - R02 a stalled POST body times out without later mutating persistent membership
  ---
  duration_ms: 69.141749
  type: 'test'
  ...
# Subtest: R15 configured per-client quota is enforced on the actual HTTP path
ok 367 - R15 configured per-client quota is enforced on the actual HTTP path
  ---
  duration_ms: 4.523629
  type: 'test'
  ...
# Subtest: R18 container probe reads a custom PORT and rejects non-ready JSON even with HTTP 200
ok 368 - R18 container probe reads a custom PORT and rejects non-ready JSON even with HTTP 200
  ---
  duration_ms: 134.063508
  type: 'test'
  ...
# Subtest: R01 heartbeat-only old trade cannot suppress a website fallback during trading
ok 369 - R01 heartbeat-only old trade cannot suppress a website fallback during trading
  ---
  duration_ms: 3.199864
  type: 'test'
  ...
# Subtest: R01 legal newer backup wins without manufacturing a new timestamp
ok 370 - R01 legal newer backup wins without manufacturing a new timestamp
  ---
  duration_ms: 0.356768
  type: 'test'
  ...
# Subtest: R01 delayed, unknown-delay, disconnected and resumed feeds have explicit availability
ok 371 - R01 delayed, unknown-delay, disconnected and resumed feeds have explicit availability
  ---
  duration_ms: 1.20787
  type: 'test'
  ...
# Subtest: R01 market closure accepts last legal trade but never changes its quoteAt
ok 372 - R01 market closure accepts last legal trade but never changes its quoteAt
  ---
  duration_ms: 0.423739
  type: 'test'
  ...
# Subtest: R01 real service switches its enrichment cadence when a per-security trade ages
ok 373 - R01 real service switches its enrichment cadence when a per-security trade ages
  ---
  duration_ms: 7.541057
  type: 'test'
  ...
# Subtest: R03 bounded admission rejects excess and removes cancelled waiting work immediately
ok 374 - R03 bounded admission rejects excess and removes cancelled waiting work immediately
  ---
  duration_ms: 2.812839
  type: 'test'
  ...
# Subtest: R03 active cancellation retains its slot until an uncooperative producer actually stops
ok 375 - R03 active cancellation retains its slot until an uncooperative producer actually stops
  ---
  duration_ms: 2.747242
  type: 'test'
  ...
# Subtest: R03 absolute source queue deadline prevents cancelled jobs from ever reaching the network
ok 376 - R03 absolute source queue deadline prevents cancelled jobs from ever reaching the network
  ---
  duration_ms: 38.378219
  type: 'test'
  ...
# Subtest: R02 shared readers own independent cancellation; last cancellation stops producer
ok 377 - R02 shared readers own independent cancellation; last cancellation stops producer
  ---
  duration_ms: 4.821678
  type: 'test'
  ...
# Subtest: R02 queued history has a total deadline separate from its upstream execution limit
ok 378 - R02 queued history has a total deadline separate from its upstream execution limit
  ---
  duration_ms: 50.099507
  type: 'test'
  ...
# Subtest: R02 cancelling one HTTP-equivalent history reader does not abort another reader
ok 379 - R02 cancelling one HTTP-equivalent history reader does not abort another reader
  ---
  duration_ms: 77.44166
  type: 'test'
  ...
# Subtest: R16 SSE event parser survives every split position, including split UTF-8 text
ok 380 - R16 SSE event parser survives every split position, including split UTF-8 text
  ---
  duration_ms: 4.516177
  type: 'test'
  ...
# Subtest: R03 accepted SSE backpressure keeps a connection registered until budget overflow closes it
ok 381 - R03 accepted SSE backpressure keeps a connection registered until budget overflow closes it
  ---
  duration_ms: 0.303348
  type: 'test'
  ...
# Subtest: R05 corrupted checkpoint metadata skips only the bad entry without TypeError
ok 382 - R05 corrupted checkpoint metadata skips only the bad entry without TypeError
  ---
  duration_ms: 625.835089
  type: 'test'
  ...
# Subtest: R06 recovery creates its own nested directory, atomically persists 0600 and restarts
ok 383 - R06 recovery creates its own nested directory, atomically persists 0600 and restarts
  ---
  duration_ms: 11.137428
  type: 'test'
  ...
# Subtest: R06 recovery and shared atomic writer refuse symlink targets without modifying their referent
ok 384 - R06 recovery and shared atomic writer refuse symlink targets without modifying their referent
  ---
  duration_ms: 3.751685
  type: 'test'
  ...
# Subtest: R09 immutable recovery bars retain identity while caller metadata remains independent
ok 385 - R09 immutable recovery bars retain identity while caller metadata remains independent
  ---
  duration_ms: 1.465419
  type: 'test'
  ...
# Subtest: R09 a healthy quote never materializes a recovery fallback
ok 386 - R09 a healthy quote never materializes a recovery fallback
  ---
  duration_ms: 2.297463
  type: 'test'
  ...
# Subtest: R10 near-term preparation precedes idle long-range expansion for every subscribed security
ok 387 - R10 near-term preparation precedes idle long-range expansion for every subscribed security
  ---
  duration_ms: 2.323122
  type: 'test'
  ...
# Subtest: R11 durable symbols and independent live-owner leases are merged, bounded and released independently
ok 388 - R11 durable symbols and independent live-owner leases are merged, bounded and released independently
  ---
  duration_ms: 0.551472
  type: 'test'
  ...
# Subtest: R14 registered health roles include both default Sina hosts
ok 389 - R14 registered health roles include both default Sina hosts
  ---
  duration_ms: 0.113822
  type: 'test'
  ...
# Subtest: R15 accepted configuration preserves deadlines, enrichment and disk path, rejecting invalid budgets
ok 390 - R15 accepted configuration preserves deadlines, enrichment and disk path, rejecting invalid budgets
  ---
  duration_ms: 0.586805
  type: 'test'
  ...
# Subtest: R17 a deliberately slow log sink has a hard byte bound and drains after pressure ends
ok 391 - R17 a deliberately slow log sink has a hard byte bound and drains after pressure ends
  ---
  duration_ms: 1.548785
  type: 'test'
  ...
# Subtest: R17 sink errors are counted without preventing later queued records from draining
ok 392 - R17 sink errors are counted without preventing later queued records from draining
  ---
  duration_ms: 0.187182
  type: 'test'
  ...
# Subtest: R18 release retention protects current/previous and shared data under count and disk pressure
ok 393 - R18 release retention protects current/previous and shared data under count and disk pressure
  ---
  duration_ms: 20.191275
  type: 'test'
  ...
# Subtest: R18 retention refuses an anchor outside its owned release directory
ok 394 - R18 retention refuses an anchor outside its owned release directory
  ---
  duration_ms: 1.472991
  type: 'test'
  ...
# Subtest: SWR starts at TTL, not after the old maximum quote age
ok 395 - SWR starts at TTL, not after the old maximum quote age
  ---
  duration_ms: 1.987045
  type: 'test'
  ...
# Subtest: cold failure is cached and not retried by every display tick
ok 396 - cold failure is cached and not retried by every display tick
  ---
  duration_ms: 0.894449
  type: 'test'
  ...
# Subtest: API shapes, symbol/search merge, news metadata and static encodings remain usable
ok 397 - API shapes, symbol/search merge, news metadata and static encodings remain usable
  ---
  duration_ms: 56.560665
  type: 'test'
  ...
# Subtest: default stays history; empty samples never convert the latest quote into a historical point
ok 398 - default stays history; empty samples never convert the latest quote into a historical point
  ---
  duration_ms: 3.405453
  type: 'test'
  ...
# Subtest: server samples load once, minute upserts replace and retained dates prune
ok 399 - server samples load once, minute upserts replace and retained dates prune
  ---
  duration_ms: 1.567774
  type: 'test'
  ...
# Subtest: a delayed snapshot cannot erase a newer push, reconnect reloads and failed loads retain data
ok 400 - a delayed snapshot cannot erase a newer push, reconnect reloads and failed loads retain data
  ---
  duration_ms: 1.478879
  type: 'test'
  ...
# Subtest: samples API is read-only; durable watchlist collects with no client and SSE resynchronizes
ok 401 - samples API is read-only; durable watchlist collects with no client and SSE resynchronizes
  ---
  duration_ms: 4086.05599
  type: 'test'
  ...
# Subtest: closed market checks the later postmarket provider even when regular close is healthy
ok 402 - closed market checks the later postmarket provider even when regular close is healthy
  ---
  duration_ms: 17.327347
  type: 'test'
  ...
# Subtest: older price merges only compatible independent history: USD
ok 403 - older price merges only compatible independent history: USD
  ---
  duration_ms: 4.327283
  type: 'test'
  ...
# Subtest: older price merges only compatible independent history: KRW
ok 404 - older price merges only compatible independent history: KRW
  ---
  duration_ms: 0.693586
  type: 'test'
  ...
# Subtest: recovery persistence accepts new independent history without downgrading the saved price
ok 405 - recovery persistence accepts new independent history without downgrading the saved price
  ---
  duration_ms: 1.588655
  type: 'test'
  ...
# Subtest: history merge keeps newer verified families and never serializes a spurious update
ok 406 - history merge keeps newer verified families and never serializes a spurious update
  ---
  duration_ms: 0.352341
  type: 'test'
  ...
# Subtest: SOXX is an authoritative ETF before any quote, even if a source calls it an equity
ok 407 - SOXX is an authoritative ETF before any quote, even if a source calls it an equity
  ---
  duration_ms: 4.427063
  type: 'test'
  ...
# Subtest: SOX index has its own verified route, unit and accurate summer/winter times
ok 408 - SOX index has its own verified route, unit and accurate summer/winter times
  ---
  duration_ms: 3.221165
  type: 'test'
  ...
# Subtest: SOX and Nikkei share the service without mixing identity, caches or 7s/70s cadence
ok 409 - SOX and Nikkei share the service without mixing identity, caches or 7s/70s cadence
  ---
  duration_ms: 2.796245
  type: 'test'
  ...
# Subtest: one failed index cannot block a healthy sibling; failure keeps its retry deadline
ok 410 - one failed index cannot block a healthy sibling; failure keeps its retry deadline
  ---
  duration_ms: 0.746335
  type: 'test'
  ...
# Subtest: a failed SOX quote can recover through the existing Yahoo fallback alongside healthy Nikkei
ok 411 - a failed SOX quote can recover through the existing Yahoo fallback alongside healthy Nikkei
  ---
  duration_ms: 1.583407
  type: 'test'
  ...
# Subtest: v93 first-run configuration creates independent private keys and refuses overwrite/symlinks
ok 412 - v93 first-run configuration creates independent private keys and refuses overwrite/symlinks
  ---
  duration_ms: 9.37444
  type: 'test'
  ...
# Subtest: v93 every financial field exists even on a cold cache
ok 413 - v93 every financial field exists even on a cold cache
  ---
  duration_ms: 14.856974
  type: 'test'
  ...
# Subtest: v93 denominator and input provenance survive projection without arbitrary upstream properties
ok 414 - v93 denominator and input provenance survive projection without arbitrary upstream properties
  ---
  duration_ms: 0.65728
  type: 'test'
  ...
# Subtest: v93 ETF company valuation fields are explicit not applicable
ok 415 - v93 ETF company valuation fields are explicit not applicable
  ---
  duration_ms: 0.3783
  type: 'test'
  ...
# Subtest: v93 incompatible 52-week observations cannot be paired
ok 416 - v93 incompatible 52-week observations cannot be paired
  ---
  duration_ms: 0.807998
  type: 'test'
  ...
# Subtest: v93 order book is independent from last trade and preserves round lots
ok 417 - v93 order book is independent from last trade and preserves round lots
  ---
  duration_ms: 0.328415
  type: 'test'
  ...
# Subtest: v93 rejects crossed, wrong-identity, future and invalid-sized books
ok 418 - v93 rejects crossed, wrong-identity, future and invalid-sized books
  ---
  duration_ms: 0.23883
  type: 'test'
  ...
# Subtest: v93 snapshot profile avoids history and analysis supports explicit compact output
ok 419 - v93 snapshot profile avoids history and analysis supports explicit compact output
  ---
  duration_ms: 1.307501
  type: 'test'
  ...
# Subtest: v93 history continuation is passed to the existing history reader
ok 420 - v93 history continuation is passed to the existing history reader
  ---
  duration_ms: 2.824538
  type: 'test'
  ...
# Subtest: v93 stalled fundamentals do not relabel a successfully completed quote as timed out
ok 421 - v93 stalled fundamentals do not relabel a successfully completed quote as timed out
  ---
  duration_ms: 32.817405
  type: 'test'
  ...
# Subtest: v93 failed watchlist write retains pending revision and retries without another user edit
ok 422 - v93 failed watchlist write retains pending revision and retries without another user edit
  ---
  duration_ms: 4.202624
  type: 'test'
  ...
# Subtest: v93 newer in-flight watchlist revisions are not overwritten by an older completion
ok 423 - v93 newer in-flight watchlist revisions are not overwritten by an older completion
  ---
  duration_ms: 1.948738
  type: 'test'
  ...
# Subtest: v93 authorization failures stop automatic writes until explicit retry; secret is only in header
ok 424 - v93 authorization failures stop automatic writes until explicit retry; secret is only in header
  ---
  duration_ms: 1.19451
  type: 'test'
  ...
# Subtest: v93 paused synchronization keeps pending changes and stops scheduled retries
ok 425 - v93 paused synchronization keeps pending changes and stops scheduled retries
  ---
  duration_ms: 1.0883
  type: 'test'
  ...
# Subtest: v93 Alpaca subscribes to quotes; book nanosecond order and trade time remain independent
ok 426 - v93 Alpaca subscribes to quotes; book nanosecond order and trade time remain independent
  ---
  duration_ms: 17.989876
  type: 'test'
  ...
# Subtest: v93 administrator authorization rejects forwarding, aliases and duplicate headers
ok 427 - v93 administrator authorization rejects forwarding, aliases and duplicate headers
  ---
  duration_ms: 1.520672
  type: 'test'
  ...
# Subtest: v93 watchlist writes require an administrator key; read-only key cannot write
ok 428 - v93 watchlist writes require an administrator key; read-only key cannot write
  ---
  duration_ms: 48.419502
  type: 'test'
  ...
# Subtest: v93 browser details are cache-only and the Agent endpoint is authenticated
ok 429 - v93 browser details are cache-only and the Agent endpoint is authenticated
  ---
  duration_ms: 81.235425
  type: 'test'
  ...
# Subtest: v93 v1 and v2 share one token bucket instead of doubling provider demand
ok 430 - v93 v1 and v2 share one token bucket instead of doubling provider demand
  ---
  duration_ms: 17.13684
  type: 'test'
  ...
# Subtest: v93 public provider diagnostics do not leak watched security identities or arbitrary metadata
ok 431 - v93 public provider diagnostics do not leak watched security identities or arbitrary metadata
  ---
  duration_ms: 0.433503
  type: 'test'
  ...
# Subtest: v93 published v2 schema validates records, compact rows, empty fields and negative assertions
ok 432 - v93 published v2 schema validates records, compact rows, empty fields and negative assertions
  ---
  duration_ms: 20601.50961
  type: 'test'
  ...
# Subtest: v93 new client preserves safe transport, wrong identity and version failures
ok 433 - v93 new client preserves safe transport, wrong identity and version failures
  ---
  duration_ms: 3.409944
  type: 'test'
  ...
# Subtest: 13 and 100 quote/history symbols succeed, 101 and oversized POST remain rejected
ok 434 - 13 and 100 quote/history symbols succeed, 101 and oversized POST remain rejected
  ---
  duration_ms: 57.162906
  type: 'test'
  ...
# Subtest: browser storage and chart version hints retain all 100 entries
ok 435 - browser storage and chart version hints retain all 100 entries
  ---
  duration_ms: 4.582516
  type: 'test'
  ...
# Subtest: 100 durable memberships survive restart; background collection retains more than 50 and accepts replacement
ok 436 - 100 durable memberships survive restart; background collection retains more than 50 and accepts replacement
  ---
  duration_ms: 241.200767
  type: 'test'
  ...
# Subtest: recovery snapshot retains all 100 symbols after restart
ok 437 - recovery snapshot retains all 100 symbols after restart
  ---
  duration_ms: 13.113873
  type: 'test'
  ...
# Subtest: 100 large quote/history snapshots drain without 1 MiB disconnect or missing symbols
ok 438 - 100 large quote/history snapshots drain without 1 MiB disconnect or missing symbols
  ---
  duration_ms: 100.81414
  type: 'test'
  ...
# Subtest: capacity configuration supports 100 histories and three full extended-session sample days within bounded budgets
ok 439 - capacity configuration supports 100 histories and three full extended-session sample days within bounded budgets
  ---
  duration_ms: 1.286599
  type: 'test'
  ...
# Subtest: worst valid 100-symbol URL preserves ampersands and membership below proxy request-line limit
ok 440 - worst valid 100-symbol URL preserves ampersands and membership below proxy request-line limit
  ---
  duration_ms: 3.850062
  type: 'test'
  ...
# Subtest: 100-history warming eventually expands every symbol while refreshes remain due
ok 441 - 100-history warming eventually expands every symbol while refreshes remain due
  ---
  duration_ms: 8.68611
  type: 'test'
  ...
# Subtest: news batches preserve the existing 12-symbol admission and serial upstream demand
ok 442 - news batches preserve the existing 12-symbol admission and serial upstream demand
  ---
  duration_ms: 4.794746
  type: 'test'
  ...
# Subtest: retired sample reserve is bounded and cannot block replacement active symbols
ok 443 - retired sample reserve is bounded and cannot block replacement active symbols
  ---
  duration_ms: 4.224347
  type: 'test'
  ...
# Subtest: real HTTP streams deliver all 100 large snapshots on cold connect and reconnect
ok 444 - real HTTP streams deliver all 100 large snapshots on cold connect and reconnect
  ---
  duration_ms: 4243.249287
  type: 'test'
  ...
# Subtest: XLK has authoritative ETF identity without depending on a prior quote
ok 445 - XLK has authoritative ETF identity without depending on a prior quote
  ---
  duration_ms: 1.06849
  type: 'test'
  ...
# Subtest: XLK intraday uses the ETF endpoint after the primary fails; cached reads do not refetch
ok 446 - XLK intraday uses the ETF endpoint after the primary fails; cached reads do not refetch
  ---
  duration_ms: 2.956816
  type: 'test'
  ...
# Subtest: independent daily, weekly, monthly and yearly histories all use the verified XLK ETF route
ok 447 - independent daily, weekly, monthly and yearly histories all use the verified XLK ETF route
  ---
  duration_ms: 35.756015
  type: 'test'
  ...
# Subtest: XLK Naver listing is explicit and its after-hours quote remains distinct from regular close
ok 448 - XLK Naver listing is explicit and its after-hours quote remains distinct from regular close
  ---
  duration_ms: 1.980756
  type: 'test'
  ...
1..448
# tests 448
# suites 0
# pass 448
# fail 0
# cancelled 0
# skipped 0
# todo 0
# duration_ms 69519.725372
